unit,landuse,geo\time	2004 	2005 	2006 	2007 	2008 	2009 	2010 	2011 	2012 	2013 	2014 	2015 
KM2,L0008,AT11	3681.1 	3681.2 	3681.2 	3681.2 	3669.9 	3669.9 	3669.8 	3669.8 	3669.0 	3669.0 	3669.0 	3669.0 
KM2,L0008,AT12	18928.6 	18925.6 	18925.6 	18925.6 	18929.1 	18929.1 	18921.0 	18921.0 	18917.0 	18917.0 	18917.0 	18917.0 
KM2,L0008,AT13	395.6 	395.6 	395.6 	395.6 	396.1 	396.1 	395.5 	395.5 	395.0 	395.0 	395.0 	395.0 
KM2,L0008,AT21	9364.0 	9363.8 	9363.8 	9363.8 	9368.0 	9365.0 	9362.5 	9362.5 	9360.0 	9360.0 	9360.0 	9360.0 
KM2,L0008,AT22	16247.2 	16246.2 	16246.2 	16246.2 	16252.6 	16252.6 	16252.2 	16252.2 	16251.0 	16251.0 	16251.0 	16251.0 
KM2,L0008,AT31	11724.1 	11721.9 	11721.9 	11721.9 	11719.2 	11719.2 	11717.5 	11717.5 	11717.0 	11717.0 	11717.0 	11717.0 
KM2,L0008,AT32	7052.9 	7052.6 	7052.6 	7052.6 	7053.7 	7053.7 	7051.0 	7051.0 	7050.0 	7050.0 	7050.0 	7050.0 
KM2,L0008,AT33	12528.9 	12528.5 	12528.5 	12528.5 	12515.4 	12515.4 	12514.4 	12514.4 	12514.0 	12514.0 	12514.0 	12514.0 
KM2,L0008,AT34	2535.5 	2534.8 	2534.8 	2534.8 	2533.8 	2533.8 	2533.6 	2533.6 	2534.0 	2534.0 	2534.0 	2534.0 
KM2,L0008,BE10	161.0 	161.0 	161.0 	161.0 	161 	161 	160 	161 	161 	161 	161.0 	161.0 
KM2,L0008,BE21	2792.0 	2792.0 	2792.0 	2792.0 	2792.0 	2792.0 	2834.0 	2796.0 	2796.0 	2796.0 	2796.0 	2796.0 
KM2,L0008,BE22	2394.0 	2394.0 	2394.0 	2394.0 	2394.0 	2394.0 	2392.0 	2388.0 	2388.0 	2388.0 	2388.0 	2388.0 
KM2,L0008,BE23	2946.0 	2946.0 	2946.0 	2946.0 	2946.0 	2946.0 	2963.0 	2948.0 	2948.0 	2948.0 	2948.0 	2948.0 
KM2,L0008,BE24	2100.0 	2100.0 	2100.0 	2100.0 	2100.0 	2100.0 	2096.0 	2102.0 	2102.0 	2102.0 	2102.0 	2102.0 
KM2,L0008,BE25	3132.0 	3132.0 	3132.0 	3132.0 	3132.0 	3132.0 	3134.0 	3126.0 	3126.0 	3126.0 	3126.0 	3126.0 
KM2,L0008,BE31	1091.0 	1091.0 	1091.0 	1091.0 	1091.0 	1091.0 	1086.0 	1091.0 	1091.0 	1091.0 	1091.0 	1091.0 
KM2,L0008,BE32	3773.0 	3773.0 	3773.0 	3773.0 	3773.0 	3773.0 	3769.0 	3775.0 	3775.0 	3775.0 	3775.0 	3775.0 
KM2,L0008,BE33	3845.0 	3845.0 	3845.0 	3845.0 	3845.0 	3845.0 	3855.0 	3844.0 	3844.0 	3844.0 	3844.0 	3844.0 
KM2,L0008,BE34	4438.0 	4438.0 	4438.0 	4438.0 	4438.0 	4438.0 	4430.0 	4439.0 	4439.0 	4439.0 	4439.0 	4439.0 
KM2,L0008,BE35	3656.0 	3656.0 	3656.0 	3656.0 	3656.0 	3656.0 	3658.0 	3655.0 	3655.0 	3655.0 	3655.0 	3655.0 
KM2,L0008,BG31	: 	: 	: 	: 	: 	: 	18639.9 	18640.6 b	18640.6 	18640.6 	18640.0 	18622.0 
KM2,L0008,BG32	: 	: 	: 	: 	: 	: 	14707.9 	14538.2 b	14538.2 	14538.2 	14708.0 	14398.0 
KM2,L0008,BG33	: 	: 	: 	: 	: 	: 	14315.9 	14464.5 b	14464.5 	14464.5 	14316.0 	14467.0 
KM2,L0008,BG34	: 	: 	: 	: 	: 	: 	19363.4 	19398.6 b	19398.6 	19398.6 	19363.0 	19270.0 
KM2,L0008,BG41	: 	: 	: 	: 	: 	: 	20098.5 	20039.2 b	20039.2 	20039.2 	20099.0 	19820.0 
KM2,L0008,BG42	: 	: 	: 	: 	: 	: 	21865.9 	21850.9 b	21850.9 	21850.9 	21866.0 	21819.0 
KM2,L0008,CH01	8281.9 	8282.0 	8282.1 	8282.1 	8282.1 	8282.1 	8282.1 	8282.1 	8282.1 	8282.1 	8282.2 	8281.0 
KM2,L0008,CH02	9781.0 	9781.0 	9781.0 	9781.0 	9781.0 	9781.0 	9781.0 	9781.0 	9781.0 	9781.0 	9781.2 	9780.0 
KM2,L0008,CH03	1949.6 	1950.0 	1949.6 	1949.6 	1949.6 	1949.6 	1949.6 	1949.6 	1949.6 	1949.6 	1949.8 	1950.0 
KM2,L0008,CH04	1660.9 	1661.0 	1660.9 	1661.0 	1661.0 	1661.0 	1661.0 	1661.0 	1661.0 	1661.0 	1660.9 	1661.0 
KM2,L0008,CH05	11313.3 	11313.0 	11313.3 	11313.3 	11313.3 	11313.3 	11313.3 	11313.3 	11313.3 	11313.3 	11313.3 	11314.0 
KM2,L0008,CH06	4267.3 	4267.0 	4267.3 	4267.3 	4267.3 	4267.3 	4267.3 	4267.3 	4267.3 	4267.3 	4267.0 	4267.0 
KM2,L0008,CH07	2741.5 	2741.0 	2741.5 	2741.5 	2741.5 	2741.5 	2741.5 	2741.5 	2741.5 	2741.5 	2741.5 	2740.0 
KM2,L0008,CY00	: 	: 	: 	: 	9214.0 	9214.0 	9214.0 	9214.0 	9214.0 	9214.0 	9214.0 	9214.0 
KM2,L0008,CZ01	485.1 	485.0 	485.0 	485.3 	485.3 	485.2 	485.4 	485.4 	485.4 	485.4 	485.0 	485.0 
KM2,L0008,CZ02	10807.9 	10808.0 	10807.0 	10806.6 	10806.7 	10806.2 	10806.0 	10806.6 	10806.4 	10806.5 	10806.0 	10806.0 
KM2,L0008,CZ03	17068.5 	17068.0 	17066.0 	17064.7 	17064.7 	17063.6 	17063.3 	17061.5 	17060.9 	17058.8 	17058.0 	17057.0 
KM2,L0008,CZ04	8479.8 	8480.0 	8479.0 	8475.2 	8475.1 	8475.0 	8475.1 	8475.3 	8475.1 	8474.7 	8474.0 	8474.0 
KM2,L0008,CZ05	12258.7 	12258.0 	12258.0 	12256.5 	12256.7 	12256.0 	12255.2 	12254.9 	12254.8 	12254.3 	12254.0 	12253.0 
KM2,L0008,CZ06	13726.5 	13727.0 	13726.0 	13722.4 	13721.8 	13720.3 	13718.4 	13717.6 	13716.9 	13715.6 	13715.0 	13715.0 
KM2,L0008,CZ07	9017.1 	9124.0 	9123.0 	9122.4 	9122.4 	9121.6 	9121.0 	9120.6 	9120.1 	9119.6 	9119.0 	9118.0 
KM2,L0008,CZ08	5421.7 	5314.0 	5314.0 	5312.7 	5312.7 	5312.3 	5312.6 	5312.1 	5312.3 	5311.7 	5312.0 	5311.0 
KM2,L0008,DK01	: 	: 	: 	: 	: 	: 	: 	: 	: 	: 	2558.0 	2559.0 
KM2,L0008,DK02	: 	: 	: 	: 	: 	: 	: 	: 	: 	: 	7223.0 	7223.0 
KM2,L0008,DK03	: 	: 	: 	: 	: 	: 	: 	: 	: 	: 	12256.0 	12256.0 
KM2,L0008,DK04	: 	: 	: 	: 	: 	: 	: 	: 	: 	: 	13005.0 	13006.0 
KM2,L0008,DK05	: 	: 	: 	: 	: 	: 	: 	: 	: 	: 	7879.0 	7879.0 
KM2,L0008,EE00	43432.0 	43432.3 	43432.0 b	43432.0 	43432.0 	43432.0 	43432.0 	43432.0 	43432.0 	43432.0 	43432.0 	43432.0 
KM2,L0008,EL30	3806.0 	3806.0 	3806.0 	3806.0 	3806.0 	3806.0 	3806.0 	: 	: 	: 	: 	: 
KM2,L0008,EL41	3823.0 	3823.0 	3823.0 	3823.0 	3823.0 	3823.0 	3823.0 	: 	: 	: 	: 	: 
KM2,L0008,EL42	5286.0 	5286.0 	5286.0 	5286.0 	5286.0 	5286.0 	5286.0 	: 	: 	: 	: 	: 
KM2,L0008,EL43	8335.0 	8335.0 	8335.0 	8335.0 	8335.0 	8335.0 	8335.0 	: 	: 	: 	: 	: 
KM2,L0008,EL51	14064.0 	14064.0 	14064.0 	14064.0 	14064.0 	14064.0 	14064.0 	: 	: 	: 	: 	: 
KM2,L0008,EL52	18885.0 	18885.0 	18885.0 	18885.0 	18885.0 	18885.0 	18885.0 	: 	: 	: 	: 	: 
KM2,L0008,EL53	9258.0 	9258.0 	9258.0 	9258.0 	9258.0 	9258.0 	9258.0 	: 	: 	: 	: 	: 
KM2,L0008,EL54	9085.0 	9085.0 	9085.0 	9085.0 	9085.0 	9085.0 	9085.0 	: 	: 	: 	: 	: 
KM2,L0008,EL61	14003.0 	14003.0 	14003.0 	14003.0 	14003.0 	14003.0 	14003.0 	: 	: 	: 	: 	: 
KM2,L0008,EL62	2299.0 	2299.0 	2299.0 	2299.0 	2299.0 	2299.0 	2299.0 	: 	: 	: 	: 	: 
KM2,L0008,EL63	11067.0 	11067.0 	11067.0 	11067.0 	11067.0 	11067.0 	11067.0 	: 	: 	: 	: 	: 
KM2,L0008,EL64	15434.0 	15434.0 	15434.0 	15434.0 	15434.0 	15434.0 	15434.0 	: 	: 	: 	: 	: 
KM2,L0008,EL65	15475.0 	15475.0 	15475.0 	15475.0 	15475.0 	15475.0 	15475.0 	: 	: 	: 	: 	: 
KM2,L0008,ES11	: 	: 	: 	29346.6 	29346.6 	29346.6 	29346.6 	29346.6 	29346.6 	29346.6 	29356.0 	29356.0 
KM2,L0008,ES12	: 	: 	: 	10576.3 	10576.3 	10576.3 	10576.3 	10576.3 	10576.3 	10576.3 	10564.0 	10564.0 
KM2,L0008,ES13	: 	: 	: 	5261.1 	5261.1 	5261.1 	5261.1 	5261.1 	5261.1 	5261.1 	5264.0 	5264.0 
KM2,L0008,ES21	: 	: 	: 	7199.0 	7199.0 	7199.0 	7199.0 	7199.0 	7199.0 	7199.0 	7231.0 	7184.0 
KM2,L0008,ES22	: 	: 	: 	10350.5 	10350.5 	10350.5 	10350.5 	10350.5 	10350.5 	10350.5 	10341.0 	10341.0 
KM2,L0008,ES23	: 	: 	: 	5030.4 	5030.4 	5030.4 	5030.4 	5030.4 	5030.4 	5030.4 	5037.0 	5037.0 
KM2,L0008,ES24	: 	: 	: 	47453.7 	47453.7 	47453.7 	47453.7 	47453.7 	47453.7 	47453.7 	47426.0 	47426.0 
KM2,L0008,ES30	: 	: 	: 	7961.0 	7961.0 	7961.0 	7961.0 	7961.0 	7961.0 	7961.0 	7967.0 	7967.0 
KM2,L0008,ES41	: 	: 	: 	93691.7 	93691.7 	93691.7 	93691.7 	93691.7 	93691.7 	93691.7 	93727.0 	93727.0 
KM2,L0008,ES42	: 	: 	: 	78866.6 	78866.6 	78866.6 	78866.6 	78866.6 	78866.6 	78866.6 	79019.0 	79064.0 
KM2,L0008,ES43	: 	: 	: 	40701.9 	40701.9 	40701.9 	40701.9 	40701.9 	40701.9 	40701.9 	40836.0 	40813.0 
KM2,L0008,ES51	: 	: 	: 	31987.6 	31987.6 	31987.6 	31987.6 	31987.6 	31987.6 	31987.6 	31923.0 	31923.0 
KM2,L0008,ES52	: 	: 	: 	23049.4 	23049.4 	23049.4 	23049.4 	23049.4 	23049.4 	23049.4 	23141.0 	23141.0 
KM2,L0008,ES53	: 	: 	: 	4991.7 	4991.7 	4991.7 	4991.7 	4991.7 	4991.7 	4991.7 	4984.0 	4984.0 
KM2,L0008,ES61	: 	: 	: 	86519.6 	86519.6 	86519.6 	86519.6 	86519.6 	86519.6 	86519.6 	86730.0 	86730.0 
KM2,L0008,ES62	: 	: 	: 	11290.3 	11290.3 	11290.3 	11290.3 	11290.3 	11290.3 	11290.3 	11295.0 	11295.0 
KM2,L0008,ES63	: 	: 	: 	19.3 	19.3 	19.3 	19.3 	19.3 	19.3 	19.3 	19.0 	19.0 
KM2,L0008,ES64	: 	: 	: 	13.4 	13.4 	13.4 	13.4 	13.4 	13.4 	13.4 	13.0 	13.0 
KM2,L0008,ES70	: 	: 	: 	7447.0 	7447.0 	7447.0 	7447.0 	7447.0 	7447.0 	7447.0 	7442.0 	7441.0 
KM2,L0008,FI19	58276.2 	58276.9 	58303.6 	58304.2 	58303.7 	58303.6 	58303.3 	58300.3 	58301.2 	58302.8 	58303.0 	58305.0 
KM2,L0008,FI1B	9112.5 	9112.5 	9132.1 	9131.7 	9132.1 	9131.4 	9096.9 	9096.5 	9096.4 	9096.8 	9097.0 	9097.0 
KM2,L0008,FI1C	31683.9 	31683.9 	31716.9 	31714.3 	31714.2 	31715.1 	31749.5 	31747.0 	31745.7 	31745.4 	31462.0 	31463.0 
KM2,L0008,FI1D	203873.5 	203872.7 	203403.7 	203381.6 	203197.8 	203196.2 	203204.4 	203196.2 	203197.1 	203193.6 	203477.0 	203474.0 
KM2,L0008,FI20	1526.5 	1526.5 	1555.5 	1554.1 	1552.9 	1552.6 	1552.6 	1552.5 	1552.4 	1552.2 	1552.0 	1553.0 
KM2,L0008,HU10	6919.0 	6918.0 	6918.4 	6918.3 	6915.8 	: 	: 	: 	: 	: 	: 	: 
KM2,L0008,HU21	11117.0 	11117.0 	11116.3 	11116.2 	11116.0 	: 	: 	: 	: 	: 	: 	: 
KM2,L0008,HU22	11329.0 	11328.0 	11328.7 	11328.2 	11328.4 	: 	: 	: 	: 	: 	: 	: 
KM2,L0008,HU23	14169.0 	14169.0 	14168.5 	14168.7 	14168.7 	: 	: 	: 	: 	: 	: 	: 
KM2,L0008,HU31	13430.0 	13430.0 	13430.1 	13431.0 	13432.8 	: 	: 	: 	: 	: 	: 	: 
KM2,L0008,HU32	17729.0 	17729.0 	17728.8 	17728.8 	17728.8 	: 	: 	: 	: 	: 	: 	: 
KM2,L0008,HU33	18339.0 	18339.0 	18337.7 	18337.8 	18337.2 	: 	: 	: 	: 	: 	: 	: 
KM2,L0008,IE01	32097.1 	32097.0 	32097.0 	32097.0 	32097.0 	32097.0 	32097.0 	32097.0 	32097.0 	32097.0 	32097.0 	32097.0 
KM2,L0008,IE02	36296.8 	36297.0 	36297.0 	36297.0 	36297.0 	36297.0 	36297.0 	36297.0 	36297.0 	36297.0 	36297.0 	36297.0 
KM2,L0008,IS00	100250.0 	100250.0 	100250.0 	100250.0 	100250.0 	100243.0 	100243.0 	100243.0 	100243.0 	100243.0 	100243.0 	100243.0 
KM2,L0008,ITC1	24860.0 	24860.0 	24860.0 	24860.0 	24860.0 	24860.0 	24860.0 	24860.0 	24860.0 	: 	: 	: 
KM2,L0008,ITC2	3239.0 	3239.0 	3239.0 	3239.0 	3239.0 	3239.0 	3239.0 	3239.0 	3239.0 	: 	: 	: 
KM2,L0008,ITC3	5330.0 	5330.0 	5330.0 	5330.0 	5330.0 	5330.0 	5330.0 	5330.0 	5330.0 	: 	: 	: 
KM2,L0008,ITC4	22800.0 	22800.0 	22800.0 	22800.0 	22800.0 	22800.0 	22800.0 	22800.0 	22800.0 	: 	: 	: 
KM2,L0008,ITF1	10635.0 	10635.0 	10635.0 	10635.0 	10635.0 	10635.0 	10635.0 	10635.0 	10635.0 	: 	: 	: 
KM2,L0008,ITF2	4373.0 	4373.0 	4373.0 	4373.0 	4373.0 	4373.0 	4373.0 	4373.0 	4373.0 	: 	: 	: 
KM2,L0008,ITF3	13392.0 	13392.0 	13392.0 	13392.0 	13392.0 	13392.0 	13392.0 	13392.0 	13392.0 	: 	: 	: 
KM2,L0008,ITF4	19191.0 	19191.0 	19191.0 	19191.0 	19191.0 	19191.0 	19191.0 	19191.0 	19191.0 	: 	: 	: 
KM2,L0008,ITF5	9719.0 	9719.0 	9719.0 	9719.0 	9719.0 	9719.0 	9719.0 	9719.0 	9719.0 	: 	: 	: 
KM2,L0008,ITF6	14753.0 	14753.0 	14753.0 	14753.0 	14753.0 	14753.0 	14753.0 	14753.0 	14753.0 	: 	: 	: 
KM2,L0008,ITG1	25409.0 	25409.0 	25409.0 	25409.0 	25409.0 	25409.0 	25409.0 	25409.0 	25409.0 	: 	: 	: 
KM2,L0008,ITG2	23892.0 	23892.0 	23892.0 	23892.0 	23892.0 	23892.0 	23892.0 	23892.0 	23892.0 	: 	: 	: 
KM2,L0008,ITH1	7370.0 	7370.0 	7370.0 	7370.0 	7370.0 	7370.0 	7370.0 	7370.0 	7370.0 	: 	: 	: 
KM2,L0008,ITH2	6140.0 	6140.0 	6140.0 	6140.0 	6140.0 	6140.0 	6140.0 	6140.0 	6140.0 	: 	: 	: 
KM2,L0008,ITH3	17571.0 	17571.0 	17571.0 	17571.0 	17571.0 	17571.0 	17571.0 	17571.0 	17571.0 	: 	: 	: 
KM2,L0008,ITH4	7556.0 	7556.0 	7556.0 	7556.0 	7556.0 	7556.0 	7556.0 	7556.0 	7556.0 	: 	: 	: 
KM2,L0008,ITI1	22657.0 	22657.0 	22657.0 	22657.0 	22657.0 	22657.0 	22657.0 	22657.0 	22657.0 	: 	: 	: 
KM2,L0008,ITI2	8252.0 	8252.0 	8252.0 	8252.0 	8252.0 	8252.0 	8252.0 	8252.0 	8252.0 	: 	: 	: 
KM2,L0008,ITI4	16897.0 	16897.0 	16897.0 	16897.0 	16897.0 	16897.0 	16897.0 	16897.0 	16897.0 	: 	: 	: 
KM2,L0008,LI00	156.3 	156.3 	156.3 	156.3 	156.2 	156.2 	156.2 	156.2 	156.2 	156.2 	158.0 	158.0 
KM2,L0008,LT00	62678.0 	62678.0 	62678.0 	62678.0 	62675.0 	62675.0 	62675.0 	62675.0 	62678.0 	62675.0 	62675.0 	62650.0 
KM2,L0008,LU00	2586.0 	2586.0 	2586.0 	2586.0 	2586.0 	2586.0 	2586.0 	2586.0 	2586.0 	2586.0 	2586.0 	2586.0 
KM2,L0008,LV00	62290.0 	62290.0 	62290.0 	62290.0 	62196.0 	62196.0 	62196.0 	62199.0 	62199.0 	62210.0 	62210.0 	62210.0 
KM2,L0008,MK00	24914.0 	24914.0 	24914.0 	24914.0 	24913.0 	24913.0 	24913.0 	24913.0 	24913.0 	24913.0 	24913.0 	24913.0 
KM2,L0008,MT00	315.6 	315.6 	315.6 	315.6 	316.0 	316.0 	316.0 	316.0 	316.0 	316.0 	316.0 	315.4 
KM2,L0008,NL11	2336.0 	2336.0 	2335.4 	2333.3 	2333.3 	2333.3 	2333.3 	2333.3 	2325.4 	2325.4 	2325.0 	2325.0 
KM2,L0008,NL12	3349.3 	3349.0 	3349.9 	3341.7 	3341.7 	3341.7 	3341.7 	3341.7 	3339.9 	3339.9 	3325.0 	3325.0 
KM2,L0008,NL13	2642.0 	2642.0 	2642.0 	2641.1 	2641.1 	2641.1 	2641.1 	2641.1 	2638.9 	2638.9 	2636.0 	2636.0 
KM2,L0008,NL21	3326.7 	3327.0 	3326.7 	3325.6 	3325.6 	3325.6 	3325.6 	3325.6 	3324.5 	3324.5 	3323.0 	3323.0 
KM2,L0008,NL22	4975.1 	4975.0 	4975.1 	4971.8 	4971.8 	4971.8 	4971.8 	4971.8 	4969.5 	4969.5 	4968.0 	4968.0 
KM2,L0008,NL23	1419.3 	1419.0 	1419.3 	1417.5 	1417.5 	1417.5 	1417.5 	1417.5 	1415.4 	1415.4 	1413.0 	1413.0 
KM2,L0008,NL31	1386.2 	1386.0 	1386.2 	1385.0 	1385.0 	1385.0 	1385.0 	1385.0 	1383.2 	1383.2 	1382.0 	1382.0 
KM2,L0008,NL32	2670.4 	2670.0 	2670.4 	2671.0 	2671.0 	2671.0 	2671.0 	2671.0 	2665.4 	2665.4 	2664.0 	2664.0 
KM2,L0008,NL33	2818.1 	2818.0 	2818.1 	2814.7 	2814.7 	2814.7 	2814.7 	2814.7 	2808.2 	2808.2 	2805.0 	2805.0 
KM2,L0008,NL34	1788.1 	1788.0 	1788.1 	1787.1 	1787.1 	1787.1 	1787.1 	1787.1 	1784.1 	1784.1 	1784.0 	1784.0 
KM2,L0008,NL41	4919.3 	4919.0 	4919.3 	4916.5 	4916.5 	4916.5 	4916.5 	4916.5 	4913.9 	4913.9 	4913.0 	4913.0 
KM2,L0008,NL42	2153.1 	2153.0 	2153.0 	2150.9 	2150.9 	2150.9 	2150.9 	2150.9 	2149.7 	2149.7 	2148.0 	2148.0 
KM2,L0008,NO01	5005.0 	5005.0 	5005.0 	5005.0 	5047.0 	5047.0 	5047.0 	5047.0 	5005.0 	5005.2 	5005.0 	5005.0 
KM2,L0008,NO02	49869.0 	49868.0 	49869.0 	49869.0 	49868.0 	49868.0 	49868.0 	49868.0 	49868.0 	49871.0 	49871.0 	49871.0 
KM2,L0008,NO03	33685.0 	33685.0 	33685.0 	33685.0 	33843.0 	33843.0 	33843.0 	33843.0 	33685.0 	33686.3 	33680.0 	33680.0 
KM2,L0008,NO04	23579.0 	23579.0 	23579.0 	23579.0 	23664.0 	23664.0 	23664.0 	23664.0 	23580.0 	23582.3 	23583.0 	23583.0 
KM2,L0008,NO05	46821.0 	46821.0 	46821.0 	46821.0 	46877.0 	46877.0 	46877.0 	46877.0 	46784.0 	46767.2 	46763.0 	46763.0 
KM2,L0008,NO06	38607.0 	38607.0 	38607.0 	38607.0 	38790.0 	38790.0 	38790.0 	38790.0 	38618.0 	38611.9 	38612.0 	38612.0 
KM2,L0008,NO07	106715.0 	106715.0 	106715.0 	106715.0 	107128.0 	107128.0 	107128.0 	107128.0 	106708.0 	106722.1 	106712.0 	106712.0 
KM2,L0008,PL11	: 	: 	: 	: 	: 	: 	: 	: 	: 	: 	18107.0 	18107.0 
KM2,L0008,PL12	: 	: 	: 	: 	: 	: 	: 	: 	: 	: 	35139.0 	35139.0 
KM2,L0008,PL21	: 	: 	: 	: 	: 	: 	: 	: 	: 	: 	15031.0 	15031.0 
KM2,L0008,PL22	: 	: 	: 	: 	: 	: 	: 	: 	: 	: 	12153.0 	12153.0 
KM2,L0008,PL31	: 	: 	: 	: 	: 	: 	: 	: 	: 	: 	24934.0 	24934.0 
KM2,L0008,PL32	: 	: 	: 	: 	: 	: 	: 	: 	: 	: 	17640.0 	17640.0 
KM2,L0008,PL33	: 	: 	: 	: 	: 	: 	: 	: 	: 	: 	11624.0 	11624.0 
KM2,L0008,PL34	: 	: 	: 	: 	: 	: 	: 	: 	: 	: 	19911.0 	19911.0 
KM2,L0008,PL41	: 	: 	: 	: 	: 	: 	: 	: 	: 	: 	29490.0 	29490.0 
KM2,L0008,PL42	: 	: 	: 	: 	: 	: 	: 	: 	: 	: 	21849.0 	21849.0 
KM2,L0008,PL43	: 	: 	: 	: 	: 	: 	: 	: 	: 	: 	13804.0 	13804.0 
KM2,L0008,PL51	: 	: 	: 	: 	: 	: 	: 	: 	: 	: 	19771.0 	19771.0 
KM2,L0008,PL52	: 	: 	: 	: 	: 	: 	: 	: 	: 	: 	9313.0 	9313.0 
KM2,L0008,PL61	: 	: 	: 	: 	: 	: 	: 	: 	: 	: 	17576.0 	17576.0 
KM2,L0008,PL62	: 	: 	: 	: 	: 	: 	: 	: 	: 	: 	22953.0 	22953.0 
KM2,L0008,PL63	: 	: 	: 	: 	: 	: 	: 	: 	: 	: 	17692.0 	17692.0 
KM2,L0008,RO11	33649.0 	33649.0 	33650.5 	33649.6 	33654.0 	33658.6 	33672.4 	33665.9 	33675.2 	33683.0 	33690.0 	33690.0 
KM2,L0008,RO12	33769.0 	33775.0 	33767.3 	33785.1 	33783.0 	33778.8 	33782.3 	33779.8 	33772.3 	33781.0 	33775.0 	33775.0 
KM2,L0008,RO21	36133.0 	36135.0 	36134.5 	36115.5 	36112.0 	36113.5 	36113.0 	36116.6 	36116.3 	36116.0 	36120.0 	36120.0 
KM2,L0008,RO22	31173.0 	31187.0 	31172.9 	31168.8 	31088.0 	31088.8 	31214.4 	31214.4 	31195.7 	31164.0 	31194.0 	31194.0 
KM2,L0008,RO31	33409.0 	33432.0 	33433.2 	33433.8 	33436.0 	33439.8 	33439.2 	33461.4 	33461.3 	33460.0 	33473.0 	33473.0 
KM2,L0008,RO32	1757.0 	1757.0 	1757.4 	1758.8 	1759.0 	1759.0 	1759.2 	1759.2 	1758.4 	1759.0 	1761.0 	1761.0 
KM2,L0008,RO41	28484.0 	28485.0 	28482.1 	28482.0 	28478.0 	28478.8 	28482.1 	28464.3 	28583.5 	28464.0 	28468.0 	28468.0 
KM2,L0008,RO42	31580.0 	31580.0 	31578.8 	31579.5 	31581.0 	31580.1 	31596.0 	31593.0 	31601.0 	31596.0 	31594.0 	31594.0 
KM2,L0008,SE11	6519.3 	6519.0 	6519.3 	6519.3 	6519.3 	6519.3 	6519.3 	6519.3 	6526.2 b	6526.2 	6526.0 	6526.0 
KM2,L0008,SE12	38607.4 	38607.4 	38607.4 	38607.4 	38607.3 	38607.3 	38607.3 	38607.3 	38434.8 b	38434.8 	38435.0 	38435.0 
KM2,L0008,SE21	33333.2 	33333.0 	33333.2 	33333.1 	33333.1 	33333.1 	33333.1 	33333.1 	33162.2 b	33162.2 	33162.0 	33162.0 
KM2,L0008,SE22	13982.1 	13982.0 	13982.1 	13982.1 	13982.1 	13982.1 	13982.1 	13982.1 	13900.1 b	13900.1 	13900.0 	13900.0 
KM2,L0008,SE23	29417.7 	29418.0 	29417.7 	29417.7 	29417.7 	29417.7 	29417.7 	29417.7 	29224.7 b	29224.7 	29225.0 	29225.0 
KM2,L0008,SE31	63987.0 	63987.0 	63987.0 	63988.3 	63988.3 	63988.3 	63988.3 	63988.3 	63666.1 b	63666.1 	63666.0 	63666.0 
KM2,L0008,SE32	71027.6 	71028.0 	71027.6 	71027.6 	71027.6 	71027.6 	71027.6 	71027.6 	70496.5 b	70496.5 	70497.0 	70497.0 
KM2,L0008,SE33	153438.7 	153439.0 	153438.7 	153438.7 	153438.7 	153438.7 	153438.7 	153438.7 	151929.0 b	151929.0 	151929.0 	151929.0 
KM2,L0008,SI03	12335.0 	12335.0 	12335.0 	12335.0 	12333.5 	12333.5 	12333.5 	12333.5 	12333.5 	12333.5 	12333.5 	12333.5 
KM2,L0008,SI04	7805.0 	7805.0 	7805.0 	7805.0 	7811.3 	7811.3 	7811.3 	7811.3 	7811.3 	7811.3 	7811.3 	7811.3 
KM2,L0008,SK01	2052.0 	2052.0 	2052.6 	2052.6 	2053.0 	2052.7 	2052.6 	2052.5 	2053.0 	2053.0 	: 	: 
KM2,L0008,SK02	14993.0 	14993.0 	14992.4 	14992.5 	14993.0 	14992.7 	14992.6 	14992.4 	14992.0 	14992.0 	: 	: 
KM2,L0008,SK03	16256.0 	16256.0 	16261.6 	16263.2 	16263.0 	16263.2 	16263.2 	16263.1 	16263.0 	16263.0 	: 	: 
KM2,L0008,SK04	15733.0 	15733.0 	15727.1 	15726.4 	15726.0 	15728.3 	15728.8 	15728.4 	15728.0 	15728.0 	: 	: 
KM2,L0008,TR10	5196.1 	5196.1 	5196.1 	5196.1 	5196.1 	5196.1 	5196.1 	5196.1 	5196.1 	5196.1 	5196.0 	5196.0 
KM2,L0008,TR21	18664.9 	18664.9 	18664.9 	18664.9 	18664.9 	18664.9 	18664.9 	18664.9 	18664.9 	18664.9 	18665.0 	18665.0 
KM2,L0008,TR22	24232.3 	24232.3 	24232.3 	24232.3 	24232.3 	24232.3 	24232.3 	24232.3 	24232.3 	24232.3 	24232.0 	24232.0 
KM2,L0008,TR31	12012.0 	12012.0 	12012.0 	12012.0 	12012.0 	12012.0 	12012.0 	12012.0 	12012.0 	12012.0 	12012.0 	12012.0 
KM2,L0008,TR32	32394.4 	32394.4 	32394.4 	32394.4 	32394.4 	32394.4 	32394.4 	32394.4 	32394.4 	32394.4 	32394.0 	32394.0 
KM2,L0008,TR33	44728.2 	44728.2 	44728.2 	44728.2 	44728.2 	44728.2 	44728.2 	44728.2 	44728.2 	44728.2 	44728.0 	44728.0 
KM2,L0008,TR41	28565.5 	28565.5 	28565.5 	28565.5 	28565.5 	28565.5 	28565.5 	28565.5 	28565.5 	28565.5 	28566.0 	28566.0 
KM2,L0008,TR42	20184.4 	20184.4 	20184.4 	20184.4 	20184.4 	20184.4 	20184.4 	20184.4 	20184.4 	20184.4 	20184.0 	20184.0 
KM2,L0008,TR51	24520.5 	24520.5 	24520.5 	24520.5 	24520.5 	24520.5 	24520.5 	24520.5 	24520.5 	24520.5 	24521.0 	24521.0 
KM2,L0008,TR52	47717.4 	47717.4 	47717.4 	47717.4 	47717.4 	47717.4 	47717.4 	47717.4 	47717.4 	47717.4 	47717.0 	47717.0 
KM2,L0008,TR61	35839.5 	35839.5 	35839.5 	35839.5 	35839.5 	35839.5 	35839.5 	35839.5 	35839.5 	35839.5 	35839.0 	35839.0 
KM2,L0008,TR62	29399.5 	29399.5 	29399.5 	29399.5 	29399.5 	29399.5 	29399.5 	29399.5 	29399.5 	29399.5 	29399.0 	29399.0 
KM2,L0008,TR63	23297.5 	23297.5 	23297.5 	23297.5 	23297.5 	23297.5 	23297.5 	23297.5 	23297.5 	23297.5 	23298.0 	23298.0 
KM2,L0008,TR71	31187.1 	31187.1 	31187.1 	31187.1 	31187.1 	31187.1 	31187.1 	31187.1 	31187.1 	31187.1 	31187.0 	31187.0 
KM2,L0008,TR72	59664.2 	59664.2 	59664.2 	59664.2 	59664.2 	59664.2 	59664.2 	59664.2 	59664.2 	59664.2 	59664.0 	59664.0 
KM2,L0008,TR81	9493.0 	9493.0 	9493.0 	9493.0 	9493.0 	9493.0 	9493.0 	9493.0 	9493.0 	9493.0 	9493.0 	9493.0 
KM2,L0008,TR82	26434.8 	26434.8 	26434.8 	26434.8 	26434.8 	26434.8 	26434.8 	26434.8 	26434.8 	26434.8 	26435.0 	26435.0 
KM2,L0008,TR83	37523.6 	37523.6 	37523.6 	37523.6 	37523.6 	37523.6 	37523.6 	37523.6 	37523.6 	37523.6 	37524.0 	37524.0 
KM2,L0008,TR90	35174.0 	35174.0 	35174.0 	35174.0 	35174.0 	35174.0 	35174.0 	35174.0 	35174.0 	35174.0 	35174.0 	35174.0 
KM2,L0008,TRA1	40681.1 	40681.1 	40681.1 	40681.1 	40681.1 	40681.1 	40681.1 	40681.1 	40681.1 	40681.1 	40681.0 	40681.0 
KM2,L0008,TRA2	30026.3 	30026.3 	30026.3 	30026.3 	30026.3 	30026.3 	30026.3 	30026.3 	30026.3 	30026.3 	30026.0 	30026.0 
KM2,L0008,TRB1	35916.6 	35916.6 	35916.6 	35916.6 	35916.6 	35916.6 	35916.6 	35916.6 	35916.6 	35916.6 	35917.0 	35917.0 
KM2,L0008,TRB2	41557.9 	41557.9 	41557.9 	41557.9 	41557.9 	41557.9 	41557.9 	41557.9 	41557.9 	41557.9 	41558.0 	41558.0 
KM2,L0008,TRC1	15280.3 	15280.3 	15280.3 	15280.3 	15280.3 	15280.3 	15280.3 	15280.3 	15280.3 	15280.3 	15280.0 	15280.0 
KM2,L0008,TRC2	33822.5 	33822.5 	33822.5 	33822.5 	33822.5 	33822.5 	33822.5 	33822.5 	33822.5 	33822.5 	33822.0 	33822.0 
KM2,L0008,TRC3	26090.1 	26090.1 	26090.1 	26090.1 	26090.1 	26090.1 	26090.1 	26090.1 	26090.1 	26090.1 	26090.0 	26090.0 
KM2,L0008,UKC1	3020.1 	3020.1 	3020.1 	3020.1 	3020.1 	3020.1 	3020.1 	3020.1 	3020.1 	3020.1 	3020.1 	3021.0 
KM2,L0008,UKC2	5553.1 	5553.1 	5553.1 	5553.1 	5553.1 	5553.1 	5553.1 	5553.1 	5553.1 	5553.1 	5553.1 	5554.0 
KM2,L0008,UKD1	6766.6 	6766.6 	6766.6 	6766.6 	6766.6 	6766.6 	6766.6 	6766.6 	6766.6 	6766.6 	6766.6 	6767.0 
KM2,L0008,UKD3	1276.0 	1276.0 	1276.0 	1276.0 	1276.0 	1276.0 	1276.0 	1276.0 	1276.0 	1276.0 	1276.0 	1276.0 
KM2,L0008,UKD4	3075.1 	3075.1 	3075.1 	3075.1 	3075.1 	3075.1 	3075.1 	3075.1 	3075.1 	3075.1 	3075.1 	3075.0 
KM2,L0008,UKD6	2263.7 	2263.7 	2263.7 	2263.7 	2263.7 	2263.7 	2263.7 	2263.7 	2263.7 	2263.7 	2263.7 	2264.0 
KM2,L0008,UKD7	724.0 	724.0 	724.0 	724.0 	724.0 	724.0 	724.0 	724.0 	724.0 	724.0 	724.0 	724.0 
KM2,L0008,UKE1	3517.3 	3517.3 	3517.3 	3517.3 	3517.3 	3517.3 	3517.3 	3517.3 	3517.3 	3517.3 	3517.3 	3515.0 
KM2,L0008,UKE2	8309.6 	8309.6 	8309.6 	8309.6 	8309.6 	8309.6 	8309.6 	8309.6 	8309.6 	8309.6 	8309.6 	8310.0 
KM2,L0008,UKE3	1551.6 	1551.6 	1551.6 	1551.6 	1551.6 	1551.6 	1551.6 	1551.6 	1551.6 	1551.6 	1551.6 	1552.0 
KM2,L0008,UKE4	2029.2 	2029.2 	2029.2 	2029.2 	2029.2 	2029.2 	2029.2 	2029.2 	2029.2 	2029.2 	2029.2 	2029.0 
KM2,L0008,UKF1	4784.1 	4784.1 	4784.1 	4784.1 	4784.1 	4784.1 	4784.1 	4784.1 	4784.1 	4784.1 	4784.1 	4784.0 
KM2,L0008,UKF2	4901.7 	4901.7 	4901.7 	4901.7 	4901.7 	4901.7 	4901.7 	4901.7 	4901.7 	4901.7 	4901.7 	4902.0 
KM2,L0008,UKF3	5920.6 	5920.6 	5920.6 	5920.6 	5920.6 	5920.6 	5920.6 	5920.6 	5920.6 	5920.6 	5920.6 	5937.0 
KM2,L0008,UKG1	5895.3 	5895.3 	5895.3 	5895.3 	5895.3 	5895.3 	5895.3 	5895.3 	5895.3 	5895.3 	5895.3 	5895.0 
KM2,L0008,UKG2	6201.3 	6201.3 	6201.3 	6201.3 	6201.3 	6201.3 	6201.3 	6201.3 	6201.3 	6201.3 	6201.3 	6201.0 
KM2,L0008,UKG3	901.6 	901.6 	901.6 	901.6 	901.6 	901.6 	901.6 	901.6 	901.6 	901.6 	901.6 	902.0 
KM2,L0008,UKH1	12560.6 	12560.6 	12560.6 	12560.6 	12560.6 	12560.6 	12560.6 	12560.6 	12560.6 	12560.6 	12560.6 	12570.0 
KM2,L0008,UKH2	2878.5 	2878.5 	2878.5 	2878.5 	2878.5 	2878.5 	2878.5 	2878.5 	2878.5 	2878.5 	2878.5 	2878.0 
KM2,L0008,UKH3	3669.6 	3669.6 	3669.6 	3669.6 	3669.6 	3669.6 	3669.6 	3669.6 	3669.6 	3669.6 	3669.6 	3670.0 
KM2,L0008,UKI3	109.0 	109.0 	109.0 	109.0 	109.0 	109.0 	109.0 	109.0 	109.0 	109.0 	109.0 	109.0 
KM2,L0008,UKI4	210.0 	210.0 	210.0 	210.0 	210.0 	210.0 	210.0 	210.0 	210.0 	210.0 	210.0 	210.0 
KM2,L0008,UKI5	432.0 	432.0 	432.0 	432.0 	432.0 	432.0 	432.0 	432.0 	432.0 	432.0 	432.0 	432.0 
KM2,L0008,UKI6	355.0 	355.0 	355.0 	355.0 	355.0 	355.0 	355.0 	355.0 	355.0 	355.0 	355.0 	355.0 
KM2,L0008,UKI7	465.0 	465.0 	465.0 	465.0 	465.0 	465.0 	465.0 	465.0 	465.0 	465.0 	465.0 	465.0 
KM2,L0008,UKJ1	5740.5 	5740.5 	5740.5 	5740.5 	5740.5 	5740.5 	5740.5 	5740.5 	5740.5 	5740.5 	5740.5 	5740.0 
KM2,L0008,UKJ2	5444.2 	5444.2 	5444.2 	5444.2 	5444.2 	5444.2 	5444.2 	5444.2 	5444.2 	5444.2 	5444.2 	5444.0 
KM2,L0008,UKJ3	4149.4 	4149.4 	4149.4 	4149.4 	4149.4 	4149.4 	4149.4 	4149.4 	4149.4 	4149.4 	4149.4 	4149.0 
KM2,L0008,UKJ4	3735.8 	3735.8 	3735.8 	3735.8 	3735.8 	3735.8 	3735.8 	3735.8 	3735.8 	3735.8 	3735.8 	3738.0 
KM2,L0008,UKK1	7464.8 	7464.8 	7464.8 	7464.8 	7464.8 	7464.8 	7464.8 	7464.8 	7464.8 	7464.8 	7464.8 	7465.0 
KM2,L0008,UKK2	6103.2 	6103.2 	6103.2 	6103.2 	6103.2 	6103.2 	6103.2 	6103.2 	6103.2 	6103.2 	6103.2 	6103.0 
KM2,L0008,UKK3	3562.6 	3562.6 	3562.6 	3562.6 	3562.6 	3562.6 	3562.6 	3562.6 	3562.6 	3562.6 	3562.6 	3563.0 
KM2,L0008,UKK4	6707.0 	6707.0 	6707.0 	6707.0 	6707.0 	6707.0 	6707.0 	6707.0 	6707.0 	6707.0 	6707.0 	6707.0 
KM2,L0008,UKL1	13102.5 	13102.5 	13102.5 	13102.5 	13102.5 	13102.5 	13102.5 	13102.5 	13102.5 	13102.5 	13102.5 	13103.0 
KM2,L0008,UKL2	7632.7 	7632.7 	7632.7 	7632.7 	7632.7 	7632.7 	7632.7 	7632.7 	7632.7 	7632.7 	7632.7 	7634.0 
KM2,L0008,UKM2	17950.8 	17950.8 	17950.8 	17950.8 	17950.8 	17950.8 	17950.8 	17950.8 	17950.8 	17950.8 	17950.8 	17951.0 
KM2,L0008,UKM3	13059.5 	13059.5 	13059.5 	13059.5 	13059.5 	13059.5 	13059.5 	13059.5 	13059.5 	13059.5 	13059.5 	13046.0 
KM2,L0008,UKM5	6498.3 	6498.3 	6498.3 	6498.3 	6498.3 	6498.3 	6498.3 	6498.3 	6498.3 	6498.3 	6498.3 	6498.0 
KM2,L0008,UKM6	40424.3 	40424.3 	40424.3 	40424.3 	40424.3 	40424.3 	40424.3 	40424.3 	40424.3 	40424.3 	40424.3 	40412.0 
KM2,L0008,UKN0	13562.2 	13562.2 	13562.2 	13562.2 	13562.2 	13562.2 	13562.2 	13562.2 	13562.2 	13562.2 	13562.2 	13562.0 
KM2,TOTAL,AL01	: 	: 	: 	: 	: 	: 	: 	: 	10821.0 	10821.0 	10821.0 	10821.0 
KM2,TOTAL,AL02	: 	: 	: 	: 	: 	: 	: 	: 	4967.0 	4967.0 	4967.0 	4967.0 
KM2,TOTAL,AL03	: 	: 	: 	: 	: 	: 	: 	: 	13001.0 	13001.0 	13001.0 	13001.0 
KM2,TOTAL,AT11	3965.5 	3965.5 	3965.5 	3965.5 	3961.8 	3961.8 	3961.8 	3961.8 	3962.0 	3962.0 	3962.0 	3962.0 
KM2,TOTAL,AT12	19177.8 	19177.7 	19177.7 	19177.7 	19186.3 	19186.3 	19186.3 	19186.3 	19186.0 	19186.0 	19186.0 	19186.0 
KM2,TOTAL,AT13	414.7 	414.6 	414.6 	414.6 	414.6 	414.6 	414.6 	414.6 	415.0 	415.0 	415.0 	415.0 
KM2,TOTAL,AT21	9536.0 	9535.9 	9535.9 	9535.9 	9538.0 	9538.0 	9538.0 	9538.0 	9538.0 	9538.0 	9538.0 	9538.0 
KM2,TOTAL,AT22	16391.9 	16392.4 	16392.4 	16392.4 	16401.0 	16401.0 	16401.0 	16401.0 	16401.0 	16401.0 	16401.0 	16401.0 
KM2,TOTAL,AT31	11981.7 	11982.3 	11982.3 	11982.3 	11979.9 	11979.9 	11979.9 	11979.9 	11980.0 	11980.0 	11980.0 	11980.0 
KM2,TOTAL,AT32	7154.2 	7154.2 	7154.2 	7154.2 	7156.0 	7156.0 	7156.0 	7156.0 	7156.0 	7156.0 	7156.0 	7156.0 
KM2,TOTAL,AT33	12647.7 	12647.7 	12647.7 	12647.7 	12640.2 	12640.2 	12640.2 	12640.2 	12640.0 	12640.0 	12640.0 	12640.0 
KM2,TOTAL,AT34	2601.5 	2601.5 	2601.5 	2601.5 	2601.1 	2601.1 	2601.1 	2601.1 	2601.0 	2601.0 	2601.0 	2601.0 
KM2,TOTAL,BE10	161.0 	161.0 	161.0 	161.0 	161 	161 	161 	161 	161 	161 	161.0 	161.0 
KM2,TOTAL,BE21	2867.0 	2867.0 	2867.0 	2867.0 	2867.0 	2867.0 	2867.0 	2867.0 	2867.0 	2867.0 	2867.0 	2867.0 
KM2,TOTAL,BE22	2422.0 	2422.0 	2422.0 	2422.0 	2422.0 	2422.0 	2422.0 	2422.0 	2422.0 	2422.0 	2422.0 	2422.0 
KM2,TOTAL,BE23	2982.0 	2982.0 	2982.0 	2982.0 	2982.0 	2982.0 	2982.0 	2982.0 	2982.0 	2982.0 	2982.0 	2982.0 
KM2,TOTAL,BE24	2106.0 	2106.0 	2106.0 	2106.0 	2106.0 	2106.0 	2106.0 	2106.0 	2106.0 	2106.0 	2106.0 	2106.0 
KM2,TOTAL,BE25	3144.0 	3144.0 	3144.0 	3144.0 	3144.0 	3144.0 	3144.0 	3144.0 	3144.0 	3144.0 	3144.0 	3144.0 
KM2,TOTAL,BE31	1091.0 	1091.0 	1090.0 	1090.0 	1090.0 	1090.0 	1091.0 	1091.0 	1091.0 	1091.0 	1091.0 	1091.0 
KM2,TOTAL,BE32	3786.0 	3786.0 	3786.0 	3786.0 	3786.0 	3786.0 	3786.0 	3786.0 	3786.0 	3786.0 	3786.0 	3786.0 
KM2,TOTAL,BE33	3862.0 	3862.0 	3862.0 	3862.0 	3862.0 	3862.0 	3862.0 	3862.0 	3862.0 	3862.0 	3862.0 	3862.0 
KM2,TOTAL,BE34	4440.0 	4440.0 	4440.0 	4440.0 	4440.0 	4440.0 	4440.0 	4440.0 	4440.0 	4440.0 	4440.0 	4440.0 
KM2,TOTAL,BE35	3666.0 	3666.0 	3666.0 	3666.0 	3666.0 	3666.0 	3666.0 	3666.0 	3666.0 	3666.0 	3666.0 	3666.0 
KM2,TOTAL,BG31	19070.3 	19070.3 	19070.3 	19070.3 	19070.3 	19070.3 	19070.3 	19074.8 b	19074.8 	19074.8 	19070.0 	19047.0 
KM2,TOTAL,BG32	14974.0 	14974.0 	14974.0 	14974.0 	14974.0 	14974.0 	14974.0 	14805.4 b	14805.4 	14805.4 	14974.0 	14667.0 
KM2,TOTAL,BG33	14487.4 	14487.4 	14487.4 	14487.4 	14487.4 	14487.4 	14487.4 	14644.6 b	14644.6 	14644.6 	14487.0 	14645.0 
KM2,TOTAL,BG34	19798.7 	19798.7 	19798.7 	19798.7 	19798.7 	19798.7 	19798.7 	19796.9 b	19796.9 	19796.9 	19799.0 	19664.0 
KM2,TOTAL,BG41	20306.4 	20306.4 	20306.4 	20306.4 	20306.4 	20306.4 	20306.4 	20254.7 b	20254.7 	20254.7 	20307.0 	20040.0 
KM2,TOTAL,BG42	22365.1 	22365.1 	22365.1 	22365.1 	22365.1 	22365.1 	22365.1 	22323.3 b	22323.3 	22323.3 	22365.0 	22307.0 
KM2,TOTAL,CH01	8718.6 	8719.0 	8718.8 	8718.8 	8718.8 	8718.8 	8718.8 	8718.8 	8718.8 	8718.8 	8718.7 	8719.0 
KM2,TOTAL,CH02	10062.2 	10062.0 	10062.1 	10062.1 	10062.1 	10062.1 	10062.1 	10062.1 	10062.1 	10062.1 	10062.2 	10062.0 
KM2,TOTAL,CH03	1958.2 	1958.0 	1958.2 	1958.3 	1958.3 	1958.3 	1958.3 	1958.3 	1958.3 	1958.3 	1958.4 	1959.0 
KM2,TOTAL,CH04	1728.9 	1729.0 	1728.9 	1729.0 	1729.0 	1729.0 	1729.0 	1729.0 	1729.0 	1729.0 	1728.9 	1729.0 
KM2,TOTAL,CH05	11521.1 	11521.0 	11521.1 	11521.1 	11521.1 	11521.1 	11521.1 	11521.1 	11521.1 	11521.1 	11521.2 	11527.0 
KM2,TOTAL,CH06	4483.2 	4483.0 	4483.2 	4483.1 	4483.1 	4483.1 	4483.1 	4483.1 	4483.1 	4483.1 	4483.1 	4483.0 
KM2,TOTAL,CH07	2812.2 	2812.0 	2812.2 	2812.2 	2812.2 	2812.2 	2812.2 	2812.2 	2812.2 	2812.2 	2812.1 	2812.0 
KM2,TOTAL,CY00	9250.0 	9250.0 	9250.0 	9250.0 	9250.0 	9250.0 	9251.0 	9251.0 	9251.0 	9251.0 	9251.0 	9251.0 
KM2,TOTAL,CZ01	496.0 	496.0 	496.0 	496.1 	496.0 	496.0 	496.1 	496.1 	496.1 	496.2 	496.0 	496.0 
KM2,TOTAL,CZ02	11015.0 	11015.0 	11015.0 	11014.8 	11014.8 	11015.0 	11014.9 	11015.3 	11015.3 	11015.5 	11015.0 	11016.0 
KM2,TOTAL,CZ03	17618.0 	17618.0 	17618.0 	17618.0 	17618.0 	17617.5 	17617.7 	17617.8 	17617.4 	17617.3 	17618.0 	17618.0 
KM2,TOTAL,CZ04	8650.0 	8649.0 	8649.0 	8649.0 	8649.0 	8649.0 	8649.0 	8648.9 	8649.0 	8648.8 	8649.0 	8649.0 
KM2,TOTAL,CZ05	12440.0 	12440.0 	12440.0 	12440.1 	12440.1 	12440.2 	12440.1 	12440.4 	12441.0 	12441.1 	12441.0 	12441.0 
KM2,TOTAL,CZ06	13991.0 	13992.0 	13992.0 	13991.3 	13991.3 	13990.9 	13990.1 	13990.2 	13990.4 	13990.6 	13991.0 	13991.0 
KM2,TOTAL,CZ07	9123.0 	9231.0 	9230.0 	9230.4 	9230.4 	9230.2 	9230.1 	9229.8 	9229.8 	9229.7 	9230.0 	9230.0 
KM2,TOTAL,CZ08	5535.0 	5427.0 	5427.0 	5427.0 	5427.0 	5426.4 	5426.8 	5426.8 	5427.1 	5427.1 	5427.0 	5427.0 
KM2,TOTAL,DE11	10557.7 	10557.6 	10557.6 	10557.6 	10557.6 	10557.6 	10557.7 	10557.7 	10557.7 	10557.6 	10557.0 	10557.0 
KM2,TOTAL,DE12	6919.1 	6919.1 	6919.1 	6919.0 	6919.0 	6919.0 	6919.1 	6919.1 	6919.0 	6919.0 	6919.0 	6919.0 
KM2,TOTAL,DE13	9357.0 	9357.1 	9357.1 	9357.1 	9357.1 	9357.1 	9357.0 	9357.0 	9357.0 	9357.0 	9357.0 	9357.0 
KM2,TOTAL,DE14	8917.9 	8917.8 	8917.8 	8917.8 	8917.8 	8917.8 	8917.7 	8917.7 	8917.7 	8917.7 	8918.0 	8918.0 
KM2,TOTAL,DE21	17529.6 	17530.5 	17530.5 	17530.5 	17530.5 	17530.5 	17529.8 	17529.8 	17529.8 	17529.8 	17531.0 	17531.0 
KM2,TOTAL,DE22	10329.9 	10329.9 	10329.9 	10329.9 	10329.9 	10329.9 	10329.0 	10329.0 	10328.9 	10329.1 	10329.0 	10329.0 
KM2,TOTAL,DE23	9691.0 	9690.6 	9690.6 	9690.6 	9690.6 	9690.6 	9690.1 	9690.2 	9690.2 	9690.2 	9690.0 	9690.0 
KM2,TOTAL,DE24	7230.7 	7231.5 	7231.5 	7231.5 	7231.5 	7231.5 	7231.5 	7231.5 	7231.5 	7231.5 	7231.0 	7231.0 
KM2,TOTAL,DE25	7244.9 	7244.6 	7244.6 	7244.6 	7244.6 	7244.6 	7244.9 	7244.9 	7244.9 	7244.9 	7245.0 	7245.0 
KM2,TOTAL,DE26	8531.1 	8531.6 	8531.6 	8531.6 	8531.6 	8531.6 	8531.4 	8531.4 	8531.4 	8531.4 	8531.0 	8531.0 
KM2,TOTAL,DE27	9992.0 	9992.9 	9992.9 	9992.9 	9992.9 	9992.9 	9993.4 	9993.4 	9993.5 	9993.4 	9993.0 	9993.0 
KM2,TOTAL,DE30	891.8 	891.9 	891.9 	891.0 	891.0 	891.0 	891.5 	887.7 	891.8 	891.7 	892.0 	892.0 
KM2,TOTAL,DE40	29477.2 	29478.6 	29478.6 	29479.7 	29479.7 	29479.7 	29482.0 	29483.1 	29484.0 	29485.6 	29654.0 	29654.0 
KM2,TOTAL,DE50	404.2 	404.3 	404.3 	404.3 	404.3 	404.3 	404.3 	419.2 	419.2 	419.2 	419.0 	419.0 
KM2,TOTAL,DE60	755.2 	755.2 	755.2 	755.2 	755.2 	755.2 	755.2 	755.2 	755.3 	755.3 	755.0 	755.0 
KM2,TOTAL,DE71	7444.8 	7444.8 	7444.8 	7444.8 	7444.8 	7444.8 	7444.9 	7444.9 	7444.9 	7444.9 	7445.0 	7445.0 
KM2,TOTAL,DE72	5381.1 	5381.1 	5381.1 	5381.1 	5381.1 	5381.1 	5381.2 	5381.2 	5381.2 	5381.2 	5381.0 	5381.0 
KM2,TOTAL,DE73	8288.8 	8288.9 	8288.9 	8288.8 	8288.8 	8288.8 	8288.8 	8288.8 	8288.7 	8288.9 	8289.0 	8289.0 
KM2,TOTAL,DE80	23174.2 	23180.1 	23180.1 	23182.4 	23182.4 	23182.4 	23189.0 	23190.8 	23194.2 	23210.6 	23213.0 	23213.0 
KM2,TOTAL,DE91	8098.9 	8099.4 	8099.4 	8099.6 	8099.6 	8099.6 	8099.8 	8099.9 	8100.0 	8100.0 	8100.0 	8100.0 
KM2,TOTAL,DE92	9046.8 	9047.1 	9047.1 	9047.2 	9047.2 	9047.2 	9047.5 	9047.7 	9047.9 	9047.9 	9048.0 	9048.0 
KM2,TOTAL,DE93	15507.1 	15507.8 	15507.8 	15508.0 	15508.0 	15508.0 	15509.1 	15494.4 	15494.7 	15494.8 	15495.0 	15496.0 
KM2,TOTAL,DE94	14965.4 	14969.9 	14969.9 	14986.3 	14986.3 	14986.3 	14978.6 	14970.9 	14971.0 	14971.1 	14971.0 	14971.0 
KM2,TOTAL,DEA1	5290.4 	5290.4 	5290.4 	5290.4 	5290.4 	5290.4 	5290.9 	5291.0 	5291.1 	5292.3 	5292.0 	5292.0 
KM2,TOTAL,DEA2	7364.7 	7364.6 	7364.6 	7364.6 	7364.6 	7364.6 	7364.6 	7364.4 	7364.5 	7364.3 	7364.0 	7364.0 
KM2,TOTAL,DEA3	6907.4 	6907.7 	6907.7 	6908.2 	6908.2 	6908.2 	6909.2 	6911.4 	6911.4 	6917.2 	6917.0 	6917.0 
KM2,TOTAL,DEA4	6518.7 	6519.7 	6519.7 	6520.0 	6520.0 	6520.0 	6520.6 	6520.8 	6523.2 	6525.3 	6525.0 	6525.0 
KM2,TOTAL,DEA5	8002.4 	8002.9 	8002.9 	8002.7 	8002.7 	8002.7 	8002.8 	8004.7 	8007.5 	8010.6 	8012.0 	8012.0 
KM2,TOTAL,DEB1	8072.4 	8072.6 	8072.6 	8072.9 	8072.9 	8072.9 	8072.7 	8073.0 	8073.2 	8073.2 	8073.0 	8073.0 
KM2,TOTAL,DEB2	4923.0 	4922.9 	4922.9 	4922.9 	4922.9 	4922.9 	4923.3 	4923.6 	4923.5 	4923.4 	4924.0 	4924.0 
KM2,TOTAL,DEB3	6852.0 	6851.7 	6851.7 	6851.4 	6851.4 	6851.4 	6851.3 	6651.4 	6851.3 	6851.3 	6851.0 	6851.0 
KM2,TOTAL,DEC0	2568.7 	2568.7 	2568.7 	2568.7 	2568.7 	2568.7 	2568.7 	2568.8 	2568.7 	2568.7 	2569.0 	2569.0 
KM2,TOTAL,DED2	7930.7 	7930.8 	7930.8 	7931.0 	7931.0 	7931.0 	7931.3 	7931.3 	7931.3 	7931.4 	7931.0 	7931.0 
KM2,TOTAL,DED4	: 	: 	: 	: 	: 	: 	: 	6523.8 	6523.8 	6523.9 	6524.0 	6524.0 
KM2,TOTAL,DED5	: 	: 	: 	: 	: 	: 	: 	3964.7 	3964.7 	3964.8 	3965.0 	3965.0 
KM2,TOTAL,DEE0	20445.3 	20446.3 	20446.3 	20447.1 	20447.1 	20447.1 	20448.9 	20449.5 	20450.3 	20450.6 	20452.0 	20452.0 
KM2,TOTAL,DEF0	15763.2 	15799.4 	15799.4 	15799.0 	15799.0 	15799.0 	15799.1 	15799.3 	15799.6 	15799.6 	15800.0 	15802.0 
KM2,TOTAL,DEG0	16172.1 	16172.1 	16172.1 	16172.1 	16172.1 	16172.1 	16172.4 	16172.5 	16172.5 	16172.5 	16173.0 	16202.0 
KM2,TOTAL,DK01	: 	2561.3 	2561.3 	2561.3 	2561.3 	2561.3 	2561.3 	2546.2 	2546.3 	2553.2 	2558.0 	2559.0 
KM2,TOTAL,DK02	: 	7273.2 	7273.2 	7273.2 	7273.2 	7273.2 	7273.2 	7217.7 	7217.8 	7222.6 	7223.0 	7223.0 
KM2,TOTAL,DK03	: 	12206.2 	12206.2 	12206.2 	12206.2 	12206.2 	12206.2 	12321.6 	12256.5 	12256.0 	12256.0 	12256.0 
KM2,TOTAL,DK04	: 	13123.3 	13123.3 	13123.3 	13124.3 	13124.3 	13124.3 	13000.4 	13000.2 	13005.7 	13005.0 	13006.0 
KM2,TOTAL,DK05	: 	7933.3 	7933.3 	7933.3 	7933.3 	7933.3 	7933.3 	7873.2 	7874.0 	7878.6 	7879.0 	7879.0 
KM2,TOTAL,EE00	43698.0 	43698.0 	45227.0 b	45227.0 	45227.0 	45227.0 	45227.0 	45227.0 	45227.0 	45227.0 	45227.0 	45227.0 
KM2,TOTAL,EL30	3808.0 	3808.0 	3808.0 	3808.0 	3808.0 	3808.0 	3808.0 	3814.0 b	3814.0 	3814.0 	3814.0 	3814.0 
KM2,TOTAL,EL41	3836.0 	3836.0 	3836.0 	3836.0 	3836.0 	3836.0 	3836.0 	3854.0 b	3854.0 	3854.0 	3854.0 	3854.0 
KM2,TOTAL,EL42	5286.0 	5286.0 	5286.0 	5286.0 	5286.0 	5286.0 	5286.0 	5305.0 b	5305.0 	5305.0 	5305.0 	5305.0 
KM2,TOTAL,EL43	8336.0 	8336.0 	8336.0 	8336.0 	8336.0 	8336.0 	8336.0 	8340.0 b	8340.0 	8340.0 	8340.0 	8340.0 
KM2,TOTAL,EL51	14158.0 	14158.0 	14158.0 	14158.0 	14158.0 	14158.0 	14158.0 	14179.0 b	14179.0 	14179.0 	14179.0 	14179.0 
KM2,TOTAL,EL52	19147.0 	19147.0 	19147.0 	19147.0 	19147.0 	19147.0 	19147.0 	19166.0 b	19166.0 	19166.0 	19166.0 	19166.0 
KM2,TOTAL,EL53	9451.0 	9451.0 	9451.0 	9451.0 	9451.0 	9451.0 	9451.0 	9471.0 b	9471.0 	9471.0 	9471.0 	9471.0 
KM2,TOTAL,EL54	9203.0 	9203.0 	9203.0 	9203.0 	9203.0 	9203.0 	9203.0 	9164.0 b	9164.0 	9164.0 	9164.0 	9164.0 
KM2,TOTAL,EL61	14036.0 	14036.0 	14036.0 	14036.0 	14036.0 	14036.0 	14036.0 	14051.0 b	14051.0 	14051.0 	14051.0 	14051.0 
KM2,TOTAL,EL62	2306.0 	2306.0 	2306.0 	2306.0 	2306.0 	2306.0 	2306.0 	2306.0 b	2306.0 	2306.0 	2306.0 	2306.0 
KM2,TOTAL,EL63	11351.0 	11351.0 	11351.0 	11351.0 	11351.0 	11351.0 	11351.0 	11327.0 b	11327.0 	11327.0 	11327.0 	11327.0 
KM2,TOTAL,EL64	15549.0 	15549.0 	15549.0 	15549.0 	15549.0 	15549.0 	15549.0 	15561.0 b	15561.0 	15561.0 	15561.0 	15561.0 
KM2,TOTAL,EL65	15490.0 	15490.0 	15490.0 	15490.0 	15490.0 	15490.0 	15490.0 	15511.0 b	15511.0 	15511.0 	15511.0 	15511.0 
KM2,TOTAL,ES11	29574.0 	29574.0 	29574.0 	29574.4 	29574.4 	29574.4 	29574.4 	29574.4 	29574.4 	29574.4 	29575.0 	29575.0 
KM2,TOTAL,ES12	10604.0 	10604.0 	10604.0 	10603.6 	10603.6 	10603.6 	10603.6 	10603.6 	10603.6 	10603.6 	10602.0 	10603.0 
KM2,TOTAL,ES13	5321.0 	5321.0 	5321.0 	5321.3 	5321.3 	5321.3 	5321.3 	5321.3 	5321.3 	5321.3 	5327.0 	5327.0 
KM2,TOTAL,ES21	7235.0 	7235.0 	7234.0 	7235.2 	7235.2 	7235.2 	7235.2 	7235.2 	7235.2 	7235.2 	7275.0 	7228.0 
KM2,TOTAL,ES22	10391.0 	10391.0 	10391.0 	10390.4 	10390.4 	10390.4 	10390.4 	10390.4 	10390.4 	10390.4 	10390.0 	10390.0 
KM2,TOTAL,ES23	5045.0 	5045.0 	5045.0 	5045.3 	5045.3 	5045.3 	5045.3 	5045.3 	5045.3 	5045.3 	5045.0 	5045.0 
KM2,TOTAL,ES24	47721.0 	47721.0 	47720.0 	47720.3 	47720.3 	47720.3 	47720.3 	47720.3 	47720.3 	47720.3 	47721.0 	47720.0 
KM2,TOTAL,ES30	8028.0 	8028.0 	8028.0 	8027.7 	8027.7 	8027.7 	8027.7 	8027.7 	8027.7 	8027.7 	8028.0 	8028.0 
KM2,TOTAL,ES41	94225.0 	94225.0 	94223.0 	94225.9 	94225.9 	94225.9 	94225.9 	94225.9 	94225.9 	94225.9 	94227.0 	94227.0 
KM2,TOTAL,ES42	79461.0 	79461.0 	79463.0 	79462.0 	79462.0 	79462.0 	79462.0 	79462.0 	79462.0 	79462.0 	79417.0 	79462.0 
KM2,TOTAL,ES43	41634.0 	41634.0 	41634.0 	41634.5 	41634.5 	41634.5 	41634.5 	41634.5 	41634.5 	41634.5 	41634.0 	41611.0 
KM2,TOTAL,ES51	32114.0 	32114.0 	32114.0 	32113.4 	32113.4 	32113.4 	32113.4 	32113.4 	32113.4 	32113.4 	32091.0 	32090.0 
KM2,TOTAL,ES52	23260.0 	23260.0 	23255.0 	23254.5 	23254.5 	23254.5 	23254.5 	23254.5 	23254.5 	23254.5 	23256.0 	23257.0 
KM2,TOTAL,ES53	4992.0 	4992.0 	4992.0 	4991.7 	4991.7 	4991.7 	4991.7 	4991.7 	4991.7 	4991.7 	4992.0 	4992.0 
KM2,TOTAL,ES61	87599.0 	87599.0 	87597.0 	87597.7 	87597.7 	87597.7 	87597.7 	87597.7 	87597.7 	87597.7 	87597.0 	87597.0 
KM2,TOTAL,ES62	11314.0 	11314.0 	11313.0 	11313.2 	11313.2 	11313.2 	11313.2 	11313.2 	11313.2 	11313.2 	11314.0 	11314.0 
KM2,TOTAL,ES63	19.0 	19.0 	19.0 	19.5 	19.5 	19.5 	19.5 	19.5 	19.5 	19.5 	20.0 	20.0 
KM2,TOTAL,ES64	13.0 	13.0 	13.0 	13.4 	13.4 	13.4 	13.4 	13.4 	13.4 	13.4 	13.0 	13.0 
KM2,TOTAL,ES70	7447.0 	7447.0 	7447.0 	7447.0 	7447.0 	7447.0 	7447.0 	7447.0 	7447.0 	7447.0 	7446.0 	7445.0 
KM2,TOTAL,FI19	64647.3 	64648.2 	64762.0 	64762.5 	64763.8 	64764.2 	64764.3 	64760.4 	64761.0 	64762.4 	64763.0 	64763.0 
KM2,TOTAL,FI1B	9590.0 	9590.0 	9595.5 	9594.7 	9594.8 	9594.3 	9568.6 	9567.9 	9567.7 	9568.0 	9568.0 	9568.0 
KM2,TOTAL,FI1C	35642.6 	35642.6 	35720.9 	35703.6 	35704.0 	35704.1 	35742.1 	35739.6 	35738.7 	35739.3 	35376.0 	35378.0 
KM2,TOTAL,FI1D	226712.7 	226711.8 	226773.1 	226773.3 	226774.8 	226780.3 	226785.6 	226782.8 	226784.9 	226785.4 	227148.0 	227150.0 
KM2,TOTAL,FI20	1551.9 	1551.9 	1584.6 	1583.1 	1581.9 	1581.6 	1580.0 	1579.9 	1579.8 	1579.6 	1580.0 	1581.0 
KM2,TOTAL,FR10	12012.3 	12012.3 	12012.3 	12012.3 	12012.3 	12012.3 	12012.3 	12012.3 	12012.3 	12012.3 	12012.3 	12012.3 
KM2,TOTAL,FR21	25605.8 	25605.8 	25605.8 	25605.8 	25605.8 	25605.8 	25605.8 	25605.8 	25605.8 	25605.8 	25605.8 	25605.8 
KM2,TOTAL,FR22	19399.5 	19399.5 	19399.5 	19399.5 	19399.5 	19399.5 	19399.5 	19399.5 	19399.5 	19399.5 	19399.5 	19399.5 
KM2,TOTAL,FR23	12317.4 	12317.4 	12317.4 	12317.4 	12317.4 	12317.4 	12317.4 	12317.4 	12317.4 	12317.4 	12317.4 	12317.4 
KM2,TOTAL,FR24	39150.9 	39150.9 	39150.9 	39150.9 	39150.9 	39150.9 	39150.9 	39150.9 	39150.9 	39150.9 	39150.9 	39150.9 
KM2,TOTAL,FR25	17589.3 	17589.3 	17589.3 	17589.3 	17589.3 	17589.3 	17589.3 	17589.3 	17589.3 	17589.3 	17589.3 	17589.3 
KM2,TOTAL,FR26	31582.0 	31582.0 	31582.0 	31582.0 	31582.0 	31582.0 	31582.0 	31582.0 	31582.0 	31582.0 	31582.0 	31582.0 
KM2,TOTAL,FR30	12414.1 	12414.1 	12414.1 	12414.1 	12414.1 	12414.1 	12414.1 	12414.1 	12414.1 	12414.1 	12414.1 	12414.1 
KM2,TOTAL,FR41	23547.4 	23547.4 	23547.4 	23547.4 	23547.4 	23547.4 	23547.4 	23547.4 	23547.4 	23547.4 	23547.4 	23547.4 
KM2,TOTAL,FR42	8280.2 	8280.2 	8280.2 	8280.2 	8280.2 	8280.2 	8280.2 	8280.2 	8280.2 	8280.2 	8280.2 	8280.2 
KM2,TOTAL,FR43	16202.3 	16202.3 	16202.3 	16202.3 	16202.3 	16202.3 	16202.3 	16202.3 	16202.3 	16202.3 	16202.3 	16202.3 
KM2,TOTAL,FR51	32081.8 	32081.8 	32081.8 	32081.8 	32081.8 	32081.8 	32081.8 	32081.8 	32081.8 	32081.8 	32081.8 	32081.8 
KM2,TOTAL,FR52	27207.9 	27207.9 	27207.9 	27207.9 	27207.9 	27207.9 	27207.9 	27207.9 	27207.9 	27207.9 	27207.9 	27207.9 
KM2,TOTAL,FR53	25809.5 	25809.5 	25809.5 	25809.5 	25809.5 	25809.5 	25809.5 	25809.5 	25809.5 	25809.5 	25809.5 	25809.5 
KM2,TOTAL,FR61	41308.4 	41308.4 	41308.4 	41308.4 	41308.4 	41308.4 	41308.4 	41308.4 	41308.4 	41308.4 	41308.4 	41308.4 
KM2,TOTAL,FR62	45347.9 	45347.9 	45347.9 	45347.9 	45347.9 	45347.9 	45347.9 	45347.9 	45347.9 	45347.9 	45347.9 	45347.9 
KM2,TOTAL,FR63	16942.3 	16942.3 	16942.3 	16942.3 	16942.3 	16942.3 	16942.3 	16942.3 	16942.3 	16942.3 	16942.3 	16942.3 
KM2,TOTAL,FR71	43698.2 	43698.2 	43698.2 	43698.2 	43698.2 	43698.2 	43698.2 	43698.2 	43698.2 	43698.2 	43698.2 	43698.2 
KM2,TOTAL,FR72	26012.9 	26012.9 	26012.9 	26012.9 	26012.9 	26012.9 	26012.9 	26012.9 	26012.9 	26012.9 	26012.9 	26012.9 
KM2,TOTAL,FR81	27375.8 	27375.8 	27375.8 	27375.8 	27375.8 	27375.8 	27375.8 	27375.8 	27375.8 	27375.8 	27375.8 	27375.8 
KM2,TOTAL,FR82	31399.6 	31399.6 	31399.6 	31399.6 	31399.6 	31399.6 	31399.6 	31399.6 	31399.6 	31399.6 	31399.6 	31399.6 
KM2,TOTAL,FR83	8679.8 	8679.8 	8679.8 	8679.8 	8679.8 	8679.8 	8679.8 	8679.8 	8679.8 	8679.8 	8679.8 	8679.8 
KM2,TOTAL,FRA1	: 	: 	: 	: 	: 	: 	: 	: 	: 	1328.6 	1328.6 	1328.6 
KM2,TOTAL,FRA2	1128.0 	1128.0 	1128.0 	1128.0 	1128.0 	1128.0 	1128.0 	1128.0 	1128.0 	1128.0 	1128.0 	1128.0 
KM2,TOTAL,FRA3	83533.9 	83533.9 	83533.9 	83533.9 	83533.9 	83533.9 	83533.9 	83533.9 	83533.9 	83533.9 	83533.9 	83533.9 
KM2,TOTAL,FRA4	2503.7 	2503.7 	2503.7 	2503.7 	2503.7 	2503.7 	2503.7 	2503.7 	2503.7 	2503.7 	2503.7 	2503.7 
KM2,TOTAL,FRA5	: 	: 	: 	: 	: 	: 	: 	: 	: 	374.0 	374.0 	374.0 
KM2,TOTAL,HR03	24705.0 	24705.0 	24705.0 	24705.0 	24705.0 	24705.0 	24705.0 	24705.0 	24705.0 	24705.0 	24705.0 	24705.0 
KM2,TOTAL,HR04	31889.0 	31889.0 	31889.0 	31889.0 	31889.0 	31889.0 	31889.0 	31889.0 	31889.0 	31889.0 	31889.0 	31889.0 
KM2,TOTAL,HU10	6919.0 	6918.0 	6918.4 	6918.3 	6915.8 	6915.9 	6915.9 	6916.3 	6916.1 	6916.2 	6916.0 	6915.0 
KM2,TOTAL,HU21	11117.0 	11117.0 	11116.3 	11116.2 	11116.0 	11115.9 	11115.9 	11115.8 	11115.7 	11086.5 	11086.0 	11085.0 
KM2,TOTAL,HU22	11329.0 	11328.0 	11328.7 	11328.2 	11328.4 	11328.3 	11328.3 	11328.1 	11328.0 	11328.0 	11328.0 	11328.0 
KM2,TOTAL,HU23	14169.0 	14169.0 	14168.5 	14168.7 	14168.7 	14168.7 	14168.7 	14168.6 	14168.6 	14197.8 	14198.0 	14197.0 
KM2,TOTAL,HU31	13430.0 	13430.0 	13430.1 	13431.0 	13432.8 	13432.7 	13432.7 	13432.4 	13430.0 	13430.1 	13429.0 	13428.0 
KM2,TOTAL,HU32	17729.0 	17729.0 	17728.8 	17728.8 	17728.8 	17728.7 	17728.7 	17728.0 	17728.0 	17727.9 	17729.0 	17723.0 
KM2,TOTAL,HU33	18339.0 	18339.0 	18337.7 	18337.8 	18337.2 	18337.3 	18337.3 	18337.2 	18337.3 	18337.3 	18338.0 	18335.0 
KM2,TOTAL,IE01	33252.3 	33252.0 	33252.0 	33252.0 	33252.0 	33252.0 	33252.0 	33252.0 	33252.0 	33252.0 	33252.0 	33252.0 
KM2,TOTAL,IE02	36544.8 	36545.0 	36545.0 	36545.0 	36545.0 	36545.0 	36545.0 	36545.0 	36545.0 	36545.0 	36545.0 	36545.0 
KM2,TOTAL,IS00	103000.0 	103000.0 	103000.0 	103000.0 	103000.0 	103000.0 	103000.0 	103000.0 	103000.0 	103000.0 	103000.0 	103000.0 
KM2,TOTAL,ITC1	25402.0 	25402.0 	25402.0 	25402.5 	25402.5 	25402.5 	25402.5 	25402.5 	25402.5 	25387.0 b	25387.0 	25387.0 
KM2,TOTAL,ITC2	3263.0 	3263.0 	3263.0 	3263.2 	3263.2 	3263.2 	3263.2 	3263.2 	3263.2 	3261.0 b	3261.0 	3261.0 
KM2,TOTAL,ITC3	5422.0 	5422.0 	5422.0 	5421.6 	5421.6 	5421.6 	5421.6 	5421.6 	5421.6 	5416.0 b	5416.0 	5416.0 
KM2,TOTAL,ITC4	23863.0 	23863.0 	23863.0 	23862.8 	23862.8 	23862.8 	23862.8 	23862.8 	23862.8 	23864.0 b	23864.0 	23864.0 
KM2,TOTAL,ITF1	10763.0 	10763.0 	10763.0 	10762.7 	10762.7 	10762.7 	10762.7 	10762.7 	10762.7 	10832.0 b	10833.0 	10833.0 
KM2,TOTAL,ITF2	4438.0 	4438.0 	4438.0 	4437.7 	4437.7 	4437.7 	4437.7 	4437.7 	4437.7 	4461.0 b	4461.0 	4461.0 
KM2,TOTAL,ITF3	13590.0 	13590.0 	13590.0 	13590.2 	13590.2 	13590.2 	13590.2 	13590.2 	13590.2 	13671.0 b	13670.0 	13670.0 
KM2,TOTAL,ITF4	19358.0 	19358.0 	19358.0 	19357.9 	19357.9 	19357.9 	19357.9 	19357.9 	19357.9 	19541.0 b	19541.0 	19541.0 
KM2,TOTAL,ITF5	9995.0 	9995.0 	9995.0 	9994.6 	9994.6 	9994.6 	9994.6 	9994.6 	9994.6 	10073.0 b	10073.0 	10073.0 
KM2,TOTAL,ITF6	15081.0 	15081.0 	15081.0 	15080.6 	15080.6 	15080.6 	15080.6 	15080.6 	15080.6 	15222.0 b	15222.0 	15222.0 
KM2,TOTAL,ITG1	25711.0 	25711.0 	25711.0 	25711.4 	25711.4 	25711.4 	25711.4 	25711.4 	25711.4 	25832.0 b	25833.0 	25833.0 
KM2,TOTAL,ITG2	24090.0 	24090.0 	24090.0 	24089.9 	24089.9 	24089.9 	24089.9 	24089.9 	24089.9 	24100.0 b	24100.0 	24100.0 
KM2,TOTAL,ITH1	7400.0 	7400.0 	7400.0 	7399.9 	7399.9 	7399.9 	7399.9 	7399.9 	7399.9 	7398.0 b	7398.0 	7398.0 
KM2,TOTAL,ITH2	6207.0 	6207.0 	6207.0 	6206.9 	6206.9 	6206.9 	6206.9 	6206.9 	6206.9 	6207.0 b	6207.0 	6207.0 
KM2,TOTAL,ITH3	18399.0 	18399.0 	18399.0 	18398.9 	18398.9 	18398.9 	18398.9 	18398.9 	18398.9 	18407.0 b	18407.0 	18407.0 
KM2,TOTAL,ITH4	7858.0 	7858.0 	7858.0 	7858.4 	7858.4 	7858.4 	7858.4 	7858.4 	7858.4 	7862.0 b	7862.0 	7862.0 
KM2,TOTAL,ITH5	22445.0 	22445.0 	22445.0 	22445.5 	22445.5 	22445.5 	22445.5 	22445.5 	22445.5 	22453.0 b	22453.0 	22453.0 
KM2,TOTAL,ITI1	22994.0 	22994.0 	22994.0 	22993.5 	22993.5 	22993.5 	22993.5 	22993.5 	22993.5 	22987.0 b	22988.0 	22988.0 
KM2,TOTAL,ITI2	8456.0 	8456.0 	8456.0 	8456.0 	8456.0 	8456.0 	8456.0 	8456.0 	8456.0 	8464.0 b	8464.0 	8464.0 
KM2,TOTAL,ITI3	9366.0 	9366.0 	9366.0 	9365.9 	9365.9 	9365.9 	9365.9 	9365.9 	9365.9 	9401.0 b	9401.0 	9401.0 
KM2,TOTAL,ITI4	17236.0 	17236.0 	17236.0 	17236.0 	17236.0 	17236.0 	17236.0 	17236.0 	17236.0 	17232.0 b	17232.0 	17232.0 
KM2,TOTAL,LI00	160.5 	160.5 	160.5 	160.5 	160.5 	160.5 	160.5 	160.5 	160.5 	160.5 	160.0 	160.0 
KM2,TOTAL,LT00	65300.0 	65300.0 	65300.0 	65300.0 	65300.0 	65300.0 	65300.0 	65300.0 	65300.0 	65300.0 	65300.0 	65286.0 
KM2,TOTAL,LU00	2586.0 	2586.0 	2586.0 	2586.0 	2586.0 	2586.0 	2586.0 	2586.0 	2586.0 	2586.0 	2586.0 	2586.0 
KM2,TOTAL,LV00	64589.0 	64589.0 	64589.0 	64589.0 	64559.0 	64559.0 	64559.0 	64562.0 	64562.0 	64573.0 	64573.0 	64573.0 
KM2,TOTAL,ME00	13812.0 	13812.0 	13812.0 	13812.0 	13812.0 	13812.0 	13812.0 	13812.0 	13812.0 	13812.0 	13812.0 	13812.0 
KM2,TOTAL,MK00	25713.0 	25713.0 	25713.0 	25713.0 	25713.0 	25713.0 	25713.0 	25713.0 	25713.0 	25713.0 	25713.0 	25713.0 
KM2,TOTAL,MT00	315.6 	315.6 	315.6 	315.6 	316.0 	316.0 	316.0 	316.0 	316.0 	316.0 	316.0 	315.4 
KM2,TOTAL,NL11	2967.9 	2968.0 	2960.0 	2960.0 	2960.0 	2960.0 	2960.0 	2960.0 	2959.6 	2959.6 	2960.0 	2960.0 
KM2,TOTAL,NL12	5740.9 	5741.0 	5748.7 	5748.7 	5748.7 	5748.7 	5748.7 	5748.7 	5748.8 	5748.8 	5749.0 	5749.0 
KM2,TOTAL,NL13	2680.4 	2680.0 	2680.4 	2680.4 	2680.4 	2680.4 	2680.4 	2680.4 	2680.4 	2680.4 	2680.0 	2680.0 
KM2,TOTAL,NL21	3420.9 	3421.0 	3420.9 	3420.9 	3420.9 	3420.9 	3420.9 	3420.9 	3420.7 	3420.7 	3421.0 	3421.0 
KM2,TOTAL,NL22	5136.5 	5137.0 	5136.5 	5136.5 	5136.5 	5136.5 	5136.5 	5136.5 	5136.2 	5136.2 	5136.0 	5136.0 
KM2,TOTAL,NL23	2412.3 	2412.0 	2412.3 	2412.3 	2412.3 	2412.3 	2412.3 	2412.3 	2412.3 	2412.3 	2412.0 	2412.0 
KM2,TOTAL,NL31	1449.1 	1449.0 	1449.1 	1449.1 	1449.1 	1449.1 	1449.1 	1449.1 	1449.1 	1449.1 	1449.0 	1449.0 
KM2,TOTAL,NL32	4091.8 	4092.0 	4091.8 	4091.8 	4091.8 	4091.8 	4091.8 	4091.8 	4090.9 	4090.9 	4091.0 	4091.0 
KM2,TOTAL,NL33	3403.4 	3419.0 	3418.5 	3403.4 	3418.5 	3418.5 	3418.5 	3418.5 	3418.5 	3418.5 	3418.0 	3418.0 
KM2,TOTAL,NL34	2933.9 	2934.0 	2933.9 	2933.9 	2933.9 	2933.9 	2933.9 	2933.9 	2933.5 	2933.5 	2933.0 	2933.0 
KM2,TOTAL,NL41	5081.8 	5082.0 	5081.8 	5081.8 	5081.8 	5081.8 	5081.8 	5081.8 	5081.8 	5081.8 	5082.0 	5082.0 
KM2,TOTAL,NL42	2209.2 	2209.0 	2209.2 	2209.2 	2209.2 	2209.2 	2209.2 	2209.2 	2208.6 	2208.6 	2209.0 	2209.0 
KM2,TOTAL,NO01	5372.0 	5372.0 	5372.0 	5372.0 	5372.0 	5372.0 	5372.0 	5372.0 	5372.0 	5372.0 	5372.0 	5372.0 
KM2,TOTAL,NO02	52589.0 	52589.0 	52589.0 	52589.0 	52590.0 	52590.0 	52590.0 	52590.0 	52590.0 	52589.9 	52590.0 	52590.0 
KM2,TOTAL,NO03	36615.0 	36614.0 	36615.0 	36615.0 	36616.0 	36616.0 	36616.0 	36616.0 	36616.0 	36613.1 	36613.0 	36613.0 
KM2,TOTAL,NO04	25811.0 	25811.0 	25811.0 	25811.0 	25810.0 	25810.0 	25810.0 	25810.0 	25811.0 	25810.7 	25812.0 	25812.0 
KM2,TOTAL,NO05	49204.0 	49204.0 	49204.0 	49204.0 	49177.0 	49177.0 	49177.0 	49177.0 	49179.0 	49162.9 	49156.0 	49156.0 
KM2,TOTAL,NO06	41260.0 	41260.0 	41260.0 	41260.0 	41271.0 	41271.0 	41271.0 	41271.0 	41271.0 	41254.3 	41254.0 	41254.0 
KM2,TOTAL,NO07	112951.0 	112951.0 	112951.0 	112951.0 	112946.0 	112946.0 	112946.0 	112946.0 	112948.0 	112976.3 	112975.0 	112975.0 
KM2,TOTAL,PL11	18219.0 	18219.0 	18219.0 	18219.0 	18219.0 	18219.0 	18219.0 	18219.0 	18219.0 	18219.0 	18219.0 	18219.0 
KM2,TOTAL,PL12	35566.0 	35559.0 	35559.0 	35559.0 	35559.0 	35558.0 	35558.0 	35558.0 	35558.0 	35558.0 	35558.0 	35558.0 
KM2,TOTAL,PL21	15190.0 	15190.0 	15190.0 	15190.0 	15190.0 	15183.0 	15183.0 	15183.0 	15183.0 	15183.0 	15183.0 	15183.0 
KM2,TOTAL,PL22	12331.0 	12331.0 	12331.0 	12331.0 	12331.0 	12333.0 	12333.0 	12333.0 	12333.0 	12333.0 	12333.0 	12333.0 
KM2,TOTAL,PL31	25114.0 	25121.0 	25121.0 	25121.0 	25121.0 	25122.0 	25122.0 	25122.0 	25122.0 	25122.0 	25122.0 	25122.0 
KM2,TOTAL,PL32	17844.0 	17844.0 	17844.0 	17844.0 	17844.0 	17846.0 	17846.0 	17846.0 	17846.0 	17846.0 	17846.0 	17846.0 
KM2,TOTAL,PL33	11708.0 	11708.0 	11708.0 	11708.0 	11708.0 	11711.0 	11711.0 	11711.0 	11711.0 	11711.0 	11711.0 	11711.0 
KM2,TOTAL,PL34	20187.0 	20187.0 	20187.0 	20187.0 	20187.0 	20187.0 	20187.0 	20187.0 	20187.0 	20187.0 	20187.0 	20187.0 
KM2,TOTAL,PL41	29826.0 	29826.0 	29826.0 	29826.0 	29826.0 	29826.0 	29826.0 	29826.0 	29826.0 	29826.0 	29826.0 	29826.0 
KM2,TOTAL,PL42	22896.0 	22896.0 	22896.0 	22896.0 	22896.0 	22892.0 	22892.0 	22892.0 	22892.0 	22892.0 	22892.0 	22892.0 
KM2,TOTAL,PL43	13989.0 	13989.0 	13989.0 	13989.0 	13989.0 	13988.0 	13988.0 	13988.0 	13988.0 	13988.0 	13988.0 	13988.0 
KM2,TOTAL,PL51	19948.0 	19948.0 	19948.0 	19948.0 	19948.0 	19947.0 	19947.0 	19947.0 	19947.0 	19947.0 	19947.0 	19947.0 
KM2,TOTAL,PL52	9412.0 	9412.0 	9412.0 	9412.0 	9412.0 	9412.0 	9412.0 	9412.0 	9412.0 	9412.0 	9412.0 	9412.0 
KM2,TOTAL,PL61	17970.0 	17970.0 	17970.0 	17970.0 	17970.0 	17972.0 	17972.0 	17972.0 	17972.0 	17972.0 	17972.0 	17972.0 
KM2,TOTAL,PL62	24192.0 	24192.0 	24192.0 	24192.0 	24192.0 	24173.0 	24173.0 	24173.0 	24173.0 	24173.0 	24173.0 	24173.0 
KM2,TOTAL,PL63	18293.0 	18293.0 	18293.0 	18293.0 	18293.0 	18310.0 	18310.0 	18310.0 	18310.0 	18310.0 	18310.0 	18310.0 
KM2,TOTAL,PT11	21282.8 	21287.5 	21285.8 	21286.4 	21283.9 	21283.9 	21285.9 	21285.9 	21285.9 bp	21285.9 	21286.0 	21286.0 
KM2,TOTAL,PT15	4995.8 	4995.6 	4995.9 	4996.0 	4996.0 	4996.0 	4996.8 	4996.8 	4996.8 bp	4996.8 	4997.0 	4997.0 
KM2,TOTAL,PT16	28180.6 	28198.7 	28198.4 	28198.6 	28200.1 	28200.1 	28199.4 	28199.4 	28199.4 bp	28199.3 	28199.0 	28199.0 
KM2,TOTAL,PT17	2901.0 	2934.8 	2934.8 	2934.8 	2940.1 	3001.1 	3001.9 	3001.9 	3002.0 bp	3015.2 	3015.0 	3015.0 
KM2,TOTAL,PT18	31492.0 	31550.9 	31551.8 	31551.4 	31551.2 	31603.2 	31604.9 	31604.9 	31604.9 bp	31604.9 	31605.0 	31605.0 
KM2,TOTAL,PT20	2322.0 	2322.0 	2322.0 	2322.0 	2322.0 	2322.0 	2322.0 	2322.0 	2322.0 	2322.0 	2322.0 	2322.0 
KM2,TOTAL,PT30	828.0 	828.0 	801.0 	801.0 	801.1 	801.1 	801.1 	801.1 	801.1 	801.1 	801.0 	802.0 
KM2,TOTAL,RO11	34159.0 	34159.0 	34159.0 	34159.0 	34159.0 	34160.5 	34160.5 	34160.5 	34160.5 	34159.0 	34160.5 	34160.5 
KM2,TOTAL,RO12	34100.0 	34100.0 	34100.0 	34100.0 	34100.0 	34099.7 	34099.7 	34099.7 	34099.7 	34100.0 	34099.7 	34099.7 
KM2,TOTAL,RO21	36850.0 	36850.0 	36850.0 	36850.0 	36850.0 	36849.8 	36849.8 	36849.8 	36849.8 	36850.0 	36849.8 	36849.8 
KM2,TOTAL,RO22	35762.0 	35762.0 	35762.0 	35762.0 	35762.0 	35761.7 	35761.7 	35761.7 	35761.7 	35762.0 	35761.7 	35761.7 
KM2,TOTAL,RO31	34453.0 	34453.0 	34453.0 	34453.0 	34453.0 	34453.0 	34453.0 	34453.0 	34453.0 	34453.0 	34453.0 	34453.0 
KM2,TOTAL,RO32	1821.0 	1821.0 	1821.0 	1821.0 	1821.0 	1821.2 	1821.2 	1821.2 	1821.2 	1821.0 	1821.2 	1821.2 
KM2,TOTAL,RO41	29212.0 	29212.0 	29212.0 	29212.0 	29212.0 	29211.7 	29211.7 	29211.7 	29211.7 	29212.0 	29211.7 	29211.7 
KM2,TOTAL,RO42	32034.0 	32034.0 	32034.0 	32034.0 	32034.0 	32033.2 	32033.2 	32033.2 	32033.2 	32034.0 	32033.2 	32033.2 
KM2,TOTAL,SE11	6789.2 	6789.0 	6789.2 	6789.2 	6789.2 	6789.2 	6789.2 	6789.2 	6779.2 b	6779.2 	6779.0 	6779.0 
KM2,TOTAL,SE12	41415.2 	41415.2 	41415.2 	41414.0 	41413.9 	41413.9 	41413.9 	41413.9 	41203.4 b	41203.4 	41204.0 	41204.0 
KM2,TOTAL,SE21	35560.4 	35560.0 	35560.4 	35560.3 	35560.3 	35560.3 	35560.3 	35560.3 	35382.0 b	35382.0 	35382.0 	35382.0 
KM2,TOTAL,SE22	14423.9 	14424.0 	14423.9 	14423.9 	14423.9 	14423.9 	14423.9 	14423.9 	14341.4 b	14341.4 	14341.0 	14341.0 
KM2,TOTAL,SE23	31108.3 	31108.0 	31108.3 	31108.3 	31108.3 	31108.3 	31108.3 	31108.3 	30934.0 b	30934.0 	30934.0 	30934.0 
KM2,TOTAL,SE31	69547.7 	69548.0 	69547.7 	69549.0 	69549.0 	69549.0 	69549.0 	69549.0 	69148.5 b	69148.5 	69148.0 	69148.0 
KM2,TOTAL,SE32	77207.0 	77207.0 	77207.0 	77207.0 	77207.0 	77207.0 	77207.0 	77207.0 	76709.9 b	76709.9 	76709.0 	76709.0 
KM2,TOTAL,SE33	165295.6 	165296.0 	165295.6 	165295.6 	165295.6 	165295.6 	165295.6 	165295.6 	164077.5 b	164077.5 	164077.0 	164077.0 
KM2,TOTAL,SI03	12433.0 	12433.0 	12433.0 	12433.0 	12433.1 	12433.1 	12433.1 	12433.1 	12433.1 	12433.1 	12433.1 	12433.1 
KM2,TOTAL,SI04	7840.0 	7840.0 	7840.0 	7840.0 	7839.9 	7839.9 	7839.9 	7839.9 	7839.9 	7839.9 	7839.9 	7839.9 
KM2,TOTAL,SK01	2052.0 	2052.0 	2052.6 	2052.6 	2053.0 	2052.7 	2052.6 	2052.5 	2053.0 	2053.0 	2053.0 	2053.0 
KM2,TOTAL,SK02	14993.0 	14993.0 	14992.4 	14992.5 	14993.0 	14992.7 	14992.6 	14992.4 	14992.0 	14992.0 	14992.0 	14992.0 
KM2,TOTAL,SK03	16256.0 	16256.0 	16261.6 	16263.2 	16263.0 	16263.2 	16263.2 	16263.1 	16263.0 	16263.0 	16263.0 	16263.0 
KM2,TOTAL,SK04	15733.0 	15733.0 	15727.1 	15726.4 	15726.0 	15728.3 	15728.8 	15728.4 	15728.0 	15728.0 	15727.0 	15727.0 
KM2,TOTAL,TR10	5315.3 	5315.3 	5315.3 	5315.3 	5315.3 	5315.3 	5315.3 	5315.3 	5315.3 	5315.3 	5315.0 	5315.0 
KM2,TOTAL,TR21	18740.0 	18740.0 	18740.0 	18740.0 	18740.0 	18740.0 	18740.0 	18740.0 	18740.0 	18740.0 	18740.0 	18740.0 
KM2,TOTAL,TR22	24423.2 	24423.2 	24423.2 	24423.2 	24423.2 	24423.2 	24423.2 	24423.2 	24423.2 	24423.2 	24423.0 	24423.0 
KM2,TOTAL,TR31	12015.6 	12015.6 	12015.6 	12015.6 	12015.6 	12015.6 	12015.6 	12015.6 	12015.6 	12015.6 	12016.0 	12016.0 
KM2,TOTAL,TR32	32657.8 	32657.8 	32657.8 	32657.8 	32657.8 	32657.8 	32657.8 	32657.8 	32657.8 	32657.8 	32658.0 	32658.0 
KM2,TOTAL,TR33	45323.8 	45323.8 	45323.8 	45323.8 	45323.8 	45323.8 	45323.8 	45323.8 	45323.8 	45323.8 	45324.0 	45324.0 
KM2,TOTAL,TR41	29095.2 	29095.2 	29095.2 	29095.2 	29095.2 	29095.2 	29095.2 	29095.2 	29095.2 	29095.2 	29095.0 	29095.0 
KM2,TOTAL,TR42	20272.3 	20272.3 	20272.3 	20272.3 	20272.3 	20272.3 	20272.3 	20272.3 	20272.3 	20272.3 	20272.0 	20272.0 
KM2,TOTAL,TR51	25401.9 	25401.9 	25401.9 	25401.9 	25401.9 	25401.9 	25401.9 	25401.9 	25401.9 	25401.9 	25402.0 	25402.0 
KM2,TOTAL,TR52	49682.4 	49682.4 	49682.4 	49682.4 	49682.4 	49682.4 	49682.4 	49682.4 	49682.4 	49682.4 	49682.0 	49682.0 
KM2,TOTAL,TR61	36796.6 	36796.6 	36796.6 	36796.6 	36796.6 	36796.6 	36796.6 	36796.6 	36796.6 	36796.6 	36797.0 	36797.0 
KM2,TOTAL,TR62	29557.8 	29557.8 	29557.8 	29557.8 	29557.8 	29557.8 	29557.8 	29557.8 	29557.8 	29557.8 	29558.0 	29558.0 
KM2,TOTAL,TR63	23484.1 	23484.1 	23484.1 	23484.1 	23484.1 	23484.1 	23484.1 	23484.1 	23484.1 	23484.1 	23484.0 	23484.0 
KM2,TOTAL,TR71	31822.5 	31822.5 	31822.5 	31822.5 	31822.5 	31822.5 	31822.5 	31822.5 	31822.5 	31822.5 	31823.0 	31823.0 
KM2,TOTAL,TR72	59750.8 	59750.8 	59750.8 	59750.8 	59750.8 	59750.8 	59750.8 	59750.8 	59750.8 	59750.8 	59751.0 	59751.0 
KM2,TOTAL,TR81	9499.0 	9499.0 	9499.0 	9499.0 	9499.0 	9499.0 	9499.0 	9499.0 	9499.0 	9499.0 	9499.0 	9499.0 
KM2,TOTAL,TR82	26466.4 	26466.4 	26466.4 	26466.4 	26466.4 	26466.4 	26466.4 	26466.4 	26466.4 	26466.4 	26466.0 	26466.0 
KM2,TOTAL,TR83	37936.7 	37936.7 	37936.7 	37936.7 	37936.7 	37936.7 	37936.7 	37936.7 	37936.7 	37936.7 	37937.0 	37937.0 
KM2,TOTAL,TR90	35174.2 	35174.2 	35174.2 	35174.2 	35174.2 	35174.2 	35174.2 	35174.2 	35174.2 	35174.2 	35174.0 	35174.0 
KM2,TOTAL,TRA1	40797.5 	40797.5 	40797.5 	40797.5 	40797.5 	40797.5 	40797.5 	40797.5 	40797.5 	40797.5 	40798.0 	40798.0 
KM2,TOTAL,TRA2	30193.2 	30193.2 	30193.2 	30193.2 	30193.2 	30193.2 	30193.2 	30193.2 	30193.2 	30193.2 	30193.0 	30193.0 
KM2,TOTAL,TRB1	37323.3 	37323.3 	37323.3 	37323.3 	37323.3 	37323.3 	37323.3 	37323.3 	37323.3 	37323.3 	37323.0 	37323.0 
KM2,TOTAL,TRB2	45323.6 	45323.6 	45323.6 	45323.6 	45323.6 	45323.6 	41754.7 	41754.7 	41754.7 	41754.7 	41755.0 	41755.0 
KM2,TOTAL,TRC1	15878.8 	15878.8 	15878.8 	15878.8 	15878.8 	15878.8 	15878.8 	15878.8 	15878.8 	15878.8 	15879.0 	15879.0 
KM2,TOTAL,TRC2	34540.2 	34540.2 	34540.2 	34540.2 	34540.2 	34540.2 	34540.2 	34540.2 	34540.2 	34540.2 	34540.0 	34540.0 
KM2,TOTAL,TRC3	26090.1 	26090.1 	26090.1 	26090.1 	26090.1 	26090.1 	26090.1 	26090.1 	26090.1 	26090.1 	26090.0 	26090.0 
KM2,TOTAL,UKC1	3046.8 	3046.8 	3046.8 	3046.8 	3046.8 	3046.8 	3046.8 	3046.8 	3046.8 	3046.8 	3046.8 	3047.0 
KM2,TOTAL,UKC2	5629.5 	5629.5 	5629.5 	5629.5 	5629.5 	5629.5 	5629.5 	5629.5 	5629.5 	5629.5 	5629.5 	5629.0 
KM2,TOTAL,UKD1	7182.5 	7182.5 	7182.5 	7182.5 	7182.5 	7182.5 	7182.5 	7182.5 	7182.5 	7182.5 	7182.5 	7182.0 
KM2,TOTAL,UKD3	1276.0 	1276.0 	1276.0 	1276.0 	1276.0 	1276.0 	1276.0 	1276.0 	1276.0 	1276.0 	1276.0 	1276.0 
KM2,TOTAL,UKD4	3263.2 	3263.2 	3263.2 	3263.2 	3263.2 	3263.2 	3263.2 	3263.2 	3263.2 	3263.2 	3263.2 	3263.0 
KM2,TOTAL,UKD6	2289.9 	2289.9 	2289.9 	2289.9 	2289.9 	2289.9 	2289.9 	2289.9 	2289.9 	2289.9 	2289.9 	2290.0 
KM2,TOTAL,UKD7	907.9 	907.9 	907.9 	907.9 	907.9 	907.9 	907.9 	907.9 	907.9 	907.9 	907.9 	908.0 
KM2,TOTAL,UKE1	3657.5 	3657.5 	3657.5 	3657.5 	3657.5 	3657.5 	3657.5 	3657.5 	3657.5 	3657.5 	3657.5 	3656.0 
KM2,TOTAL,UKE2	8325.2 	8325.2 	8325.2 	8325.2 	8325.2 	8325.2 	8325.2 	8325.2 	8325.2 	8325.2 	8325.2 	8325.0 
KM2,TOTAL,UKE3	1552.1 	1552.1 	1552.1 	1552.1 	1552.1 	1552.1 	1552.1 	1552.1 	1552.1 	1552.1 	1552.1 	1552.0 
KM2,TOTAL,UKE4	2029.2 	2029.2 	2029.2 	2029.2 	2029.2 	2029.2 	2029.2 	2029.2 	2029.2 	2029.2 	2029.2 	2029.0 
KM2,TOTAL,UKF1	4790.3 	4790.3 	4790.3 	4790.3 	4790.3 	4790.3 	4790.3 	4790.3 	4790.3 	4790.3 	4790.3 	4790.0 
KM2,TOTAL,UKF2	4917.9 	4917.9 	4917.9 	4917.9 	4917.9 	4917.9 	4917.9 	4917.9 	4917.9 	4917.9 	4917.9 	4918.0 
KM2,TOTAL,UKF3	6102.6 	6102.6 	6102.6 	6102.6 	6102.6 	6102.6 	6102.6 	6102.6 	6102.6 	6102.6 	6102.6 	6103.0 
KM2,TOTAL,UKG1	5897.8 	5897.8 	5897.8 	5897.8 	5897.8 	5897.8 	5897.8 	5897.8 	5897.8 	5897.8 	5897.8 	5898.0 
KM2,TOTAL,UKG2	6204.4 	6204.4 	6204.4 	6204.4 	6204.4 	6204.4 	6204.4 	6204.4 	6204.4 	6204.4 	6204.4 	6204.0 
KM2,TOTAL,UKG3	901.6 	901.6 	901.6 	901.6 	901.6 	901.6 	901.6 	901.6 	901.6 	901.6 	901.6 	902.0 
KM2,TOTAL,UKH1	12746.6 	12746.6 	12746.6 	12746.6 	12746.6 	12746.6 	12746.6 	12746.6 	12746.6 	12746.6 	12746.6 	12760.0 
KM2,TOTAL,UKH2	2878.5 	2878.5 	2878.5 	2878.5 	2878.5 	2878.5 	2878.5 	2878.5 	2878.5 	2878.5 	2878.5 	2878.0 
KM2,TOTAL,UKH3	3946.9 	3946.9 	3946.9 	3946.9 	3946.9 	3946.9 	3946.9 	3946.9 	3946.9 	3946.9 	3946.9 	3948.0 
KM2,TOTAL,UKI3	112.0 	112.0 	112.0 	112.0 	112.0 	112.0 	112.0 	112.0 	112.0 	112.0 	112.0 	112.0 
KM2,TOTAL,UKI4	216.0 	216.0 	216.0 	216.0 	216.0 	216.0 	216.0 	216.0 	216.0 	216.0 	216.0 	216.0 
KM2,TOTAL,UKI5	444.0 	444.0 	444.0 	444.0 	444.0 	444.0 	444.0 	444.0 	444.0 	444.0 	444.0 	444.0 
KM2,TOTAL,UKI6	355.0 	355.0 	355.0 	355.0 	355.0 	355.0 	355.0 	355.0 	355.0 	355.0 	355.0 	355.0 
KM2,TOTAL,UKI7	467.0 	467.0 	467.0 	467.0 	467.0 	467.0 	467.0 	467.0 	467.0 	467.0 	467.0 	467.0 
KM2,TOTAL,UKJ1	5743.4 	5743.4 	5743.4 	5743.4 	5743.4 	5743.4 	5743.4 	5743.4 	5743.4 	5743.4 	5743.4 	5743.0 
KM2,TOTAL,UKJ2	5504.2 	5504.2 	5504.2 	5504.2 	5504.2 	5504.2 	5504.2 	5504.2 	5504.2 	5504.2 	5504.2 	5504.0 
KM2,TOTAL,UKJ3	4249.3 	4249.3 	4249.3 	4249.3 	4249.3 	4249.3 	4249.3 	4249.3 	4249.3 	4249.3 	4249.3 	4249.0 
KM2,TOTAL,UKJ4	3908.3 	3908.3 	3908.3 	3908.3 	3908.3 	3908.3 	3908.3 	3908.3 	3908.3 	3908.3 	3908.3 	3908.0 
KM2,TOTAL,UKK1	7703.9 	7703.9 	7703.9 	7703.9 	7703.9 	7703.9 	7703.9 	7703.9 	7703.9 	7703.9 	7703.9 	7704.0 
KM2,TOTAL,UKK2	6208.8 	6208.8 	6208.8 	6208.8 	6208.8 	6208.8 	6208.8 	6208.8 	6208.8 	6208.8 	6208.8 	6209.0 
KM2,TOTAL,UKK3	3636.2 	3636.2 	3636.2 	3636.2 	3636.2 	3636.2 	3636.2 	3636.2 	3636.2 	3636.2 	3636.2 	3636.0 
KM2,TOTAL,UKK4	6839.7 	6839.7 	6839.7 	6839.7 	6839.7 	6839.7 	6839.7 	6839.7 	6839.7 	6839.7 	6839.7 	6840.0 
KM2,TOTAL,UKL1	13442.8 	13442.8 	13442.8 	13442.8 	13442.8 	13442.8 	13442.8 	13442.8 	13442.8 	13442.8 	13442.8 	13443.0 
KM2,TOTAL,UKL2	7781.7 	7781.7 	7781.7 	7781.7 	7781.7 	7781.7 	7781.7 	7781.7 	7781.7 	7781.7 	7781.7 	7782.0 
KM2,TOTAL,UKM2	18296.4 	18296.4 	18296.4 	18296.4 	18296.4 	18296.4 	18296.4 	18296.4 	18296.4 	18296.4 	18296.4 	18296.0 
KM2,TOTAL,UKM3	13437.5 	13437.5 	13437.5 	13437.5 	13437.5 	13437.5 	13437.5 	13437.5 	13437.5 	13437.5 	13437.5 	13419.0 
KM2,TOTAL,UKM5	6498.3 	6498.3 	6498.3 	6498.3 	6498.3 	6498.3 	6498.3 	6498.3 	6498.3 	6498.3 	6498.3 	6544.0 
KM2,TOTAL,UKM6	41960.2 	41960.2 	41960.2 	41960.2 	41960.2 	41960.2 	41960.2 	41960.2 	41960.2 	41960.2 	41960.2 	41974.0 
KM2,TOTAL,UKN0	14129.7 	14129.7 	14129.7 	14129.7 	14129.7 	14129.7 	14129.7 	14129.7 	14129.7 	14129.7 	14129.7 	14130.0 
