unit,age,sex,geo\time	2010 	2011 	2012 	2013 	2014 	2015 	2016 	2017 	2018 	2019 	2020 	2021 
NR,TOTAL,T,AL01	: 	: 	: 	: 	: 	: 	848059 	826904 	819793 	813758 	804689 	797955 
NR,TOTAL,T,AL02	: 	: 	: 	: 	: 	: 	1110562 	1146183 	1162544 	1170142 	1176240 	1178435 
NR,TOTAL,T,AL03	: 	: 	: 	: 	: 	: 	927405 	903504 	887987 	878527 	865026 	853351 
NR,TOTAL,T,ALXX	: 	: 	: 	: 	: 	: 	: 	: 	0 	0 	: 	: 
NR,TOTAL,T,AT11	283697 	284581 	285782 	286691 	287416 	288356 	291011 	291942 	292675 	293433 	294436 	296010 
NR,TOTAL,T,AT12	1605897 	1609474 	1614455 	1618592 	1625485 	1636778 	1653691 	1665753 	1670668 	1677542 	1684287 	1690879 
NR,TOTAL,T,AT13	1689995 	1702855 	1717084 	1741246 	1766746 	1797337 	1840226 	1867582 	1888776 	1897491 	1911191 	1920949 
NR,TOTAL,T,AT21	557998 	556718 	556027 	555473 	555881 	557641 	560482 	561077 	560898 	560939 	561293 	562089 
NR,TOTAL,T,AT22	1205045 	1206611 	1208696 	1210971 	1215246 	1221570 	1232012 	1237298 	1240214 	1243052 	1246395 	1247077 
NR,TOTAL,T,AT31	1409253 	1410222 	1413866 	1418498 	1425422 	1437251 	1453948 	1465045 	1473576 	1482095 	1490279 	1495608 
NR,TOTAL,T,AT32	526730 	527886 	529704 	531898 	534270 	538575 	545815 	549263 	552579 	555221 	558410 	560710 
NR,TOTAL,T,AT33	704662 	707517 	711581 	715888 	722038 	728826 	739139 	746153 	751140 	754705 	757634 	760105 
NR,TOTAL,T,AT34	368366 	369300 	370926 	372603 	375282 	378592 	384147 	388752 	391741 	394297 	397139 	399237 
NR,TOTAL,T,BE10	1089538 	1136778 b	1151317 b	1165208 	1172751 b	1184101 	1201285 	1199095 	1205492 	1215290 	1223364 	1226329 
NR,TOTAL,T,BE21	1744862 	1773267 b	1787490 b	1798605 	1806634 b	1817033 	1828927 	1838863 	1849523 	1860470 	1873095 	1879318 
NR,TOTAL,T,BE22	838505 	846851 b	851558 b	855213 	857844 b	861380 	866970 	869664 	872739 	875842 	880602 	883228 
NR,TOTAL,T,BE23	1432326 	1448928 b	1457428 b	1463614 	1471126 b	1479049 	1489084 	1498483 	1506232 	1516283 	1526486 	1533876 
NR,TOTAL,T,BE24	1076924 	1088692 b	1096284 b	1102907 	1108408 b	1114590 	1122600 	1130644 	1138546 	1146643 	1156470 	1163186 
NR,TOTAL,T,BE25	1159366 	1168002 b	1172795 b	1175903 	1177935 b	1180957 	1184418 	1188407 	1192254 	1196995 	1202352 	1205101 
NR,TOTAL,T,BE31	379515 	383648 b	386683 b	389308 	391609 b	394344 	397745 	399735 	401508 	404270 	406794 	408325 
NR,TOTAL,T,BE32	1309880 	1319745 b	1325819 b	1331455 	1334423 b	1337780 	1341267 	1342053 	1343756 	1346082 	1350295 	1349861 
NR,TOTAL,T,BE33	1067685 	1082136 b	1088074 b	1093191 	1095661 b	1098903 	1103490 	1106039 	1108371 	1110068 	1113943 	1113324 
NR,TOTAL,T,BE34	269023 	273205 b	275713 b	277690 	278219 b	280261 	283257 	284617 	285010 	286685 	289606 	291730 
NR,TOTAL,T,BE35	472281 	479386 b	482728 b	484880 	486230 b	488876 	492074 	494127 	495158 	496891 	499433 	500489 
NR,TOTAL,T,BG31	865332 	848230 	836601 	823469 	810401 	797142 	783909 	769623 	755956 	742304 	728157 	720172 
NR,TOTAL,T,BG32	873801 	862120 	853468 	844511 	835813 	825536 	815441 	805441 	794998 	784168 	773450 	764897 
NR,TOTAL,T,BG33	971932 	966328 	961965 	957460 	954536 	949957 	944458 	939262 	933705 	929035 	924870 	922230 
NR,TOTAL,T,BG34	1087181 	1078597 	1072850 	1067981 	1063690 	1058515 	1052575 	1046125 	1039549 	1032079 	1024115 	1020187 
NR,TOTAL,T,BG41	2132634 	2133731 	2131233 	2128783 	2127618 	2125212 	2121185 	2115344 	2108394 	2102205 	2094260 	2085071 
NR,TOTAL,T,BG42	1490886 	1480425 	1471107 	1462348 	1453619 	1445836 	1436216 	1426064 	1417432 	1410248 	1406630 	1403991 
NR,TOTAL,T,CH01	1462210 	1483680 b	1503500 	1519189 	1545817 	1570594 	1593839 	1613522 	1629841 	1642580 	1654751 	1669608 
NR,TOTAL,T,CH02	1741923 	1755696 b	1770429 	1788791 	1808480 	1826251 	1842251 	1859557 	1868886 	1877154 	1886584 	1895693 
NR,TOTAL,T,CH03	1060753 	1070820 b	1079913 	1091302 	1104353 	1117158 	1128723 	1142156 	1151919 	1161105 	1171157 	1181776 
NR,TOTAL,T,CH04	1351297 	1373068 b	1392396 	1408575 	1425538 	1446354 	1466424 	1487969 	1504346 	1520968 	1539275 	1553423 
NR,TOTAL,T,CH05	1094202 	1103641 b	1113929 	1123672 	1134781 	1144572 	1153485 	1162684 	1169358 	1176321 	1183813 	1193069 
NR,TOTAL,T,CH06	739701 	749476 b	757552 	765879 	774123 	782374 	790458 	799287 	806071 	813056 	818962 	825745 
NR,TOTAL,T,CH07	335720 	333753 b	336943 	341652 	346539 	350363 	351946 	354375 	353709 	353343 	351491 	350986 
NR,TOTAL,T,CY00	819140 b	839751 	862011 	865878 	858000 	847008 	848319 	854802 	864236 	875899 	888005 	896007 
NR,TOTAL,T,CZ01	1227932 	1234037 	1241664 	1246780 	1243201 	1259079 	1267449 	1280508 	1294513 	1308632 	1324277 	1335084 
NR,TOTAL,T,CZ02	1247330 	1264986 	1279345 	1291816 	1302336 	1315299 	1326876 	1338982 	1352795 	1369332 	1385141 	1397997 
NR,TOTAL,T,CZ03	1205834 	1207027 	1207847 	1209298 	1210176 	1212423 	1214450 	1217411 	1221012 	1226805 	1233982 	1234592 
NR,TOTAL,T,CZ04	1133425 	1132252 	1131191 	1128490 	1125429 	1123265 	1120654 	1118126 	1116766 	1115685 	1115629 	1110315 
NR,TOTAL,T,CZ05	1506467 	1508735 	1508867 	1507980 	1506503 	1506813 	1507209 	1508527 	1510726 	1513693 	1517999 	1516135 
NR,TOTAL,T,CZ06	1671993 	1675872 	1678250 	1679857 	1680287 	1682748 	1684500 	1687764 	1692123 	1696941 	1701802 	1704179 
NR,TOTAL,T,CZ07	1229931 	1229117 	1227668 	1225302 	1222655 	1220972 	1219394 	1217623 	1216234 	1215413 	1214570 	1210641 
NR,TOTAL,T,CZ08	1239176 	1234705 	1230613 	1226602 	1221832 	1217676 	1213311 	1209879 	1205886 	1203299 	1200539 	1192834 
NR,TOTAL,T,DE11	4000848 	3910637 b	3924922 	3947568 	3972881 	4008288 	4069533 	4098278 	4126688 	4143418 	4154223 	4151094 
NR,TOTAL,T,DE12	2740503 	2663588 b	2671524 	2686573 	2702831 	2721266 	2761977 	2779314 	2795783 	2805129 	2810854 	2807601 
NR,TOTAL,T,DE13	2196018 	2142723 b	2150906 	2162340 	2174500 	2191622 	2224535 	2239734 	2254674 	2264469 	2271351 	2276924 
NR,TOTAL,T,DE14	1807552 	1761557 b	1765089 	1772630 	1781066 	1795468 	1823573 	1834567 	1846280 	1856517 	1863966 	1867424 
NR,TOTAL,T,DE21	4346465 	4313946 b	4363176 	4415649 	4469342 	4519979 	4588944 	4633323 	4649534 	4686163 	4710865 	4719716 
NR,TOTAL,T,DE22	1189194 	1172475 b	1175923 	1181472 	1189153 	1197558 	1212119 	1219397 	1230037 	1238528 	1244169 	1247063 
NR,TOTAL,T,DE23	1081417 	1071424 b	1072091 	1074738 	1077991 	1082761 	1092339 	1098378 	1104407 	1109269 	1112102 	1112267 
NR,TOTAL,T,DE24	1076400 	1065322 b	1061573 	1058711 	1056365 	1055955 	1059358 	1062394 	1066840 	1067482 	1065371 	1062085 
NR,TOTAL,T,DE25	1710145 	1679849 b	1688414 	1698515 	1707376 	1715195 	1738686 	1750059 	1759643 	1770401 	1775169 	1775704 
NR,TOTAL,T,DE26	1321957 	1302144 b	1299076 	1297727 	1297992 	1298849 	1306048 	1309209 	1313375 	1317124 	1317619 	1317507 
NR,TOTAL,T,DE27	1784753 	1778244 b	1783119 	1792759 	1806025 	1821271 	1846020 	1857991 	1873368 	1887754 	1899442 	1905841 
NR,TOTAL,T,DE30	3442675 	3278346 b	3326002 	3375222 	3421829 	3469849 	3520031 	3574830 	3613495 	3644826 	3669491 	3664088 
NR,TOTAL,T,DE40	2511525 	2461242 b	2453180 	2449511 	2449193 	2457872 	2484826 	2494648 	2504040 	2511917 	2521893 	2531071 
NR,TOTAL,T,DE50	661716 	651467 b	652182 	654774 	657391 	661888 	671489 	678753 	681032 	682986 	681202 	680130 
NR,TOTAL,T,DE60	1774224 	1705700 b	1718187 	1734272 	1746342 	1762791 	1787408 	1810438 	1830584 	1841179 	1847253 	1852478 
NR,TOTAL,T,DE71	3792941 	3734199 b	3763611 	3791381 	3822479 	3863818 	3922369 	3951234 	3978050 	3998724 	4019961 	4026618 
NR,TOTAL,T,DE72	1044269 	1027159 b	1025525 	1023277 	1023150 	1029020 	1040091 	1043643 	1045807 	1047262 	1048646 	1048740 
NR,TOTAL,T,DE73	1224741 	1208050 b	1204635 	1201823 	1199796 	1201050 	1213712 	1218211 	1219405 	1219823 	1219473 	1217796 
NR,TOTAL,T,DE80	1651216 	1614789 b	1606899 	1600327 	1596505 	1599138 	1612362 	1610674 	1611119 	1609675 	1608138 	1610774 
NR,TOTAL,T,DE91	1616720 	1579623 b	1575968 	1574527 	1574936 	1579754 	1598164 	1595609 	1595734 	1596396 	1594929 	1590577 
NR,TOTAL,T,DE92	2142440 	2093945 b	2093431 	2094931 	2099079 	2108413 	2132290 	2139976 	2144120 	2149805 	2148238 	2147704 
NR,TOTAL,T,DE93	1693654 	1669999 b	1667127 	1667332 	1670199 	1677715 	1699969 	1703945 	1706464 	1710914 	1716448 	1722474 
NR,TOTAL,T,DE94	2476001 	2435261 b	2437727 	2442205 	2446345 	2460857 	2496176 	2506155 	2516457 	2525333 	2533993 	2542666 
NR,TOTAL,T,DEA1	5172839 	5081231 b	5077103 	5081061 	5088748 	5108290 	5173623 	5190790 	5198820 	5202321 	5207457 	5200090 
NR,TOTAL,T,DEA2	4383044 	4282911 b	4299064 	4315912 	4333015 	4361724 	4422371 	4439416 	4454228 	4468904 	4478847 	4475530 
NR,TOTAL,T,DEA3	2597636 	2568358 b	2572221 	2572390 	2574148 	2580664 	2614229 	2619376 	2621153 	2623619 	2624625 	2624719 
NR,TOTAL,T,DEA4	2043212 	2031337 b	2027126 	2025415 	2024392 	2029648 	2057996 	2054205 	2054343 	2055310 	2055724 	2054178 
NR,TOTAL,T,DEA5	3676032 	3581355 b	3569424 	3559551 	3551553 	3557772 	3597297 	3586313 	3583590 	3582497 	3580568 	3571053 
NR,TOTAL,T,DEB1	1490711 	1486160 b	1480166 	1476237 	1474378 	1477202 	1488308 	1492187 	1493055 	1495885 	1498223 	1500830 
NR,TOTAL,T,DEB2	513794 	518554 b	518370 	518289 	519136 	521863 	532715 	528728 	529597 	531007 	533113 	534438 
NR,TOTAL,T,DEB3	2008170 	1989471 b	1991497 	1995752 	2000852 	2012517 	2031780 	2045138 	2051027 	2057952 	2062567 	2063123 
NR,TOTAL,T,DEC0	1022585 	1001879 b	997855 	994287 	990718 	989035 	995597 	996651 	994187 	990509 	986887 	983991 
NR,TOTAL,T,DED2	1631486 	1594568 b	1591710 	1591320 	1590927 	1592765 	1602754 	1600155 	1598573 	1598199 	1596566 	1589888 
NR,TOTAL,T,DED4	: 	1505254 b	1491442 	1480210 	1468954 	1463341 	1465612 	1454144 	1444953 	1436445 	1426380 	1413730 
NR,TOTAL,T,DED5	: 	966434 b	971030 	978674 	986504 	999168 	1016485 	1027484 	1037782 	1043293 	1049025 	1053323 
NR,TOTAL,T,DEE0	2356219 	2297386 b	2276736 	2259393 	2244577 	2235548 	2245470 	2236252 	2223081 	2208321 	2194782 	2180684 
NR,TOTAL,T,DEF0	2832027 	2800134 b	2802266 	2806531 	2815955 	2830864 	2858714 	2881926 	2889821 	2896712 	2903773 	2910875 
NR,TOTAL,T,DEG0	2249882 	2195344 b	2181603 	2170460 	2160840 	2156759 	2170714 	2158128 	2151205 	2143145 	2133378 	2120237 
NR,TOTAL,T,DK01	1680271 	1699387 	1714589 	1732068 	1749405 	1768125 	1789174 	1807404 	1822659 	1835562 	1846023 	1855084 
NR,TOTAL,T,DK02	820564 	819763 	817907 	816359 	816726 	820480 	827499 	832553 	835024 	836738 	837359 	838840 
NR,TOTAL,T,DK03	1200277 	1200656 	1201342 	1201419 	1202509 	1205728 	1211770 	1217224 	1220763 	1223348 	1223105 	1223634 
NR,TOTAL,T,DK04	1253998 	1260993 	1266682 	1272510 	1277538 	1282750 	1293309 	1304253 	1313596 	1320678 	1326340 	1332048 
NR,TOTAL,T,DK05	579628 	579829 	579996 	580272 	581057 	582632 	585499 	587335 	589148 	589755 	589936 	590439 
NR,TOTAL,T,EE00	1333290 	1329660 	1325217 	1320174 	1315819 	1314870 b	1315944 	1315635 	1319133 	1324820 	1328976 	1330068 
NR,TOTAL,T,EL30	4002871 	3992912 	3963887 	3912849 	3863763 	3822843 	3781274 	3773559 	3756453 	3742235 	3738901 	3736737 
NR,TOTAL,T,EL41	200179 	200831 	200591 	199478 	198581 	197695 	196654 	203700 	211137 	221098 	229516 	229155 
NR,TOTAL,T,EL42	332652 	333983 	334780 	334652 	334802 	334865 	334791 	338383 	340870 	344027 	347512 	347848 
NR,TOTAL,T,EL43	623113 	627144 	629367 	630085 	630889 	631513 	631812 	632674 	633506 	634930 	636504 	636766 
NR,TOTAL,T,EL51	610112 	611573 	612074 	610102 	608214 	606490 	604504 	602799 	601175 	599723 	598613 	594905 
NR,TOTAL,T,EL52	1921906 	1925437 	1922590 	1912624 	1903360 	1893878 	1883339 	1880122 	1875996 	1873777 	1872102 	1858755 
NR,TOTAL,T,EL53	286450 	285899 	284061 	281324 	278706 	276423 	273843 	271488 	269222 	267008 	264670 	262052 
NR,TOTAL,T,EL54	345960 	346503 	345437 	343128 	341046 	339142 	336834 	335250 	334337 	333696 	333265 	330985 
NR,TOTAL,T,EL61	746976 	747690 	745839 	741593 	737686 	733663 	729442 	725874 	722065 	718640 	715115 	709808 
NR,TOTAL,T,EL62	208675 	209221 	209131 	208241 	207664 	207059 	206141 	205431 	204562 	203869 	203149 	202371 
NR,TOTAL,T,EL63	692269 	690904 	687935 	682583 	677727 	673263 	668258 	663970 	659470 	655189 	651065 	646670 
NR,TOTAL,T,EL64	559655 	561693 	561670 	560093 	559214 	557753 	555830 	555761 	555623 	555960 	556002 	553235 
NR,TOTAL,T,EL65	588471 	589602 	589044 	586863 	585155 	583431 	581026 	579182 	576749 	574447 	572151 	569345 
NR,TOTAL,T,ES11	2772466 	2773411 	2771916 	2761989 	2747226 	2734656 	2720102 	2710216 	2703149 	2700441 	2702592 	2696876 
NR,TOTAL,T,ES12	1077102 	1075869 	1074308 	1067797 	1058975 	1049875 	1040925 	1034302 	1027624 	1022205 	1018899 	1012889 
NR,TOTAL,T,ES13	588512 	590867 	592383 	590036 	587682 	585359 	582504 	581490 	581294 	581641 	582388 	583655 
NR,TOTAL,T,ES21	2179521 	2183136 	2184696 	2177006 	2167166 	2165100 	2164066 	2167323 	2170868 	2177880 	2189138 	2185908 
NR,TOTAL,T,ES22	633023 	637100 	640014 	638948 	636450 	636402 	637486 	640353 	643866 	649946 	656509 	657654 
NR,TOTAL,T,ES23	319934 	320858 	320951 	318647 	315223 	313569 	312810 	312624 	312884 	313571 	315931 	316176 
NR,TOTAL,T,ES24	1344181 	1344385 	1343807 	1338316 	1331301 	1326403 	1318571 	1316072 	1313135 	1320586 	1330333 	1331133 
NR,TOTAL,T,ES30	6373546 	6394252 	6425522 	6414620 	6378297 	6385298 	6424275 	6476838 	6549520 	6641649 	6747068 	6755828 
NR,TOTAL,T,ES41	2547401 	2545301 	2537685 	2518560 	2495689 	2478079 	2454454 	2435951 	2418556 	2407733 	2401307 	2386649 
NR,TOTAL,T,ES42	2084468 	2099064 	2105935 	2094406 	2075197 	2062767 	2048900 	2040977 	2032595 	2034877 	2045554 	2048656 
NR,TOTAL,T,ES43	1099610 	1102299 	1104336 	1100970 	1096421 	1091623 	1084969 	1077525 	1070453 	1065424 	1061979 	1057999 
NR,TOTAL,T,ES51	7463488 	7493263 	7514991 	7480921 	7416237 	7396991 	7408290 	7441284 	7488718 	7566431 	7652348 	7671252 
NR,TOTAL,T,ES52	4989631 	4999192 	5009650 	4987011 	4956427 	4939674 	4932347 	4935182 	4946233 	4974969 	5029341 	5047045 
NR,TOTAL,T,ES53	1083679 	1091664 	1100715 	1110112 	1115841 	1124972 	1135527 	1150962 	1166923 	1188220 	1210725 	1219775 
NR,TOTAL,T,ES61	8276008 	8332080 	8377810 	8393175 	8388875 	8399618 	8403774 	8408976 	8410095 	8427405 	8478083 	8502216 
NR,TOTAL,T,ES62	1453543 	1459075 	1461925 	1461983 	1461803 	1463773 	1466474 	1472991 	1475569 	1487663 	1504869 	1513076 
NR,TOTAL,T,ES63	79294 	81621 	83845 	84539 	84674 	84692 	84652 	85034 	85209 	84829 	84085 	83517 
NR,TOTAL,T,ES64	76049 	78866 	81792 	83620 	83870 	84570 	84764 	84946 	84708 	84689 	84473 	84022 
NR,TOTAL,T,ES70	2045163 	2064871 	2085938 	2105234 	2114845 	2126144 	2135209 	2154978 	2177048 	2206901 	2236992 	2244369 
NR,TOTAL,T,FI19	1355168 	1360041 	1365259 	1370384 	1374403 	1377281 	1379116 	1380593 	1380365 	1379749 	1378652 	1378851 
NR,TOTAL,T,FI1B	1517542 	1532309 	1549058 	1566835 	1585473 	1603388 	1620261 	1638293 	1655624 	1671024 	1689725 	1702678 
NR,TOTAL,T,FI1C	1153839 	1156791 	1159039 	1160732 	1161882 	1161706 	1160491 	1159174 	1157001 	1152719 	1148794 	1147484 
NR,TOTAL,T,FI1D	1297144 	1298128 	1299557 	1300222 	1300846 	1300462 	1298457 	1296023 	1290651 	1284638 	1278237 	1274651 
NR,TOTAL,T,FI20	27734 	28007 	28354 	28501 	28666 	28916 	28983 	29214 	29489 	29789 	29884 	30129 
NR,TOTAL,T,FR10	11786234 	11852851 	11898502 	11959807 	12027565 	12082144 	12117132 	12174880 	12213447 	12252917 	12291557 	12348605 p
NR,TOTAL,T,FRB0	2548065 	2556835 	2563586 	2570548 	2577435 	2578592 	2577866 	2576252 	2572853 	2569510 	2565726 	2567768 p
NR,TOTAL,T,FRC1	1642115 	1642734 	1641130 	1642687 	1642551 	1641205 	1637941 	1632887 	1628737 	1623815 	1618321 	1615259 p
NR,TOTAL,T,FRC2	1171763 	1173440 	1175684 	1177096 	1178072 	1179735 	1180397 	1178536 	1179070 	1177762 	1176196 	1176550 p
NR,TOTAL,T,FRD1	1473494 	1475684 	1477209 	1478712 	1479378 	1479484 	1477349 	1474257 	1471632 	1467715 	1463606 	1463498 p
NR,TOTAL,T,FRD2	1836954 	1839393 	1845547 	1849652 	1856267 	1859647 	1858580 	1856221 	1855845 	1853117 	1849826 	1849900 p
NR,TOTAL,T,FRE1	4038157 	4042015 	4050756 	4060741 	4076061 	4077886 	4074448 	4072379 	4072977 	4066719 	4061166 	4067882 p
NR,TOTAL,T,FRE2	1914844 	1918155 	1922342 	1927142 	1930095 	1932090 	1932422 	1931436 	1931131 	1929189 	1926629 	1926546 p
NR,TOTAL,T,FRF1	1845687 	1852325 	1859869 	1868183 	1872949 	1879265 	1884150 	1889589 	1898533 	1903646 	1908494 	1918635 p
NR,TOTAL,T,FRF2	1335923 	1336053 	1339270 	1339008 	1339299 	1338255 	1333248 	1328134 	1323396 	1317548 	1311830 	1310320 p
NR,TOTAL,T,FRF3	2350920 	2350657 	2349816 	2345197 	2342397 	2341531 	2337788 	2331863 	2328460 	2322213 	2315678 	2317598 p
NR,TOTAL,T,FRG0	3571495 	3601113 	3632614 	3660852 	3690833 	3718512 	3737632 	3757600 	3781423 	3800348 	3818421 	3849977 p
NR,TOTAL,T,FRH0	3199066 	3217767 	3237097 	3258707 	3276543 	3293850 	3306529 	3318904 	3335414 	3347004 	3358524 	3386415 p
NR,TOTAL,T,FRI1	3232352 	3254233 	3285970 	3316889 	3343326 	3370578 	3393297 	3414585 	3437398 	3458041 	3478538 	3511921 p
NR,TOTAL,T,FRI2	742771 	741072 	738633 	737509 	738120 	738031 	736015 	734528 	731285 	728859 	726253 	724279 p
NR,TOTAL,T,FRI3	1770363 	1777773 	1783991 	1789779 	1797698 	1802873 	1806291 	1807865 	1811095 	1812353 	1813633 	1822237 p
NR,TOTAL,T,FRJ1	2636350 	2670046 	2700266 	2729721 	2751592 	2772683 	2793303 	2810383 	2830361 	2847554 	2864782 	2893969 p
NR,TOTAL,T,FRJ2	2881756 	2903420 	2926592 	2954157 	2979161 	3001502 	3015132 	3034719 	3055135 	3071427 	3087068 	3119320 p
NR,TOTAL,T,FRK1	1347387 	1350682 	1354104 	1357668 	1360461 	1362367 	1363392 	1364156 	1368536 	1370432 	1371820 	1373075 p
NR,TOTAL,T,FRK2	6230691 	6283541 	6341160 	6399927 	6460505 	6515331 	6553497 	6584131 	6625923 	6660101 	6692326 	6740730 p
NR,TOTAL,T,FRL0	4899155 	4916069 	4935576 	4953675 	4983438 	5007977 	5021928 	5030890 	5052832 	5065696 	5077582 	5116360 p
NR,TOTAL,T,FRM0	309693 	314486 	316257 	320208 	324212 	327283 	330455 	334938 	338554 	342256 	345867 	346610 p
NR,TOTAL,T,FRXX	: 	: 	: 	: 	0 	0 	0 	0 	0 	0 	0 	: 
NR,TOTAL,T,FRY1	: 	: 	: 	437713 	435293 	433674 	429856 	425587 	421694 	417161 	412682 	408142 p
NR,TOTAL,T,FRY2	394173 	392291 	388364 	385551 	383911 	380877 	376480 	372594 	368783 	364413 	359821 	356029 p
NR,TOTAL,T,FRY3	229040 	237549 	239648 	244118 	252338 	259865 	269352 	268700 	276128 	282107 	288086 	290528 p
NR,TOTAL,T,FRY4	821136 	828581 	833944 	835103 	842767 	850727 	852924 	853659 	855961 	856547 	856858 	866181 p
NR,TOTAL,T,FRY5	: 	: 	: 	: 	223713 	232189 	240987 	250143 	259621 	269186 	278926 	288348 p
NR,TOTAL,T,HR02	: 	: 	: 	: 	: 	: 	: 	: 	: 	: 	: 	1046327 
NR,TOTAL,T,HR03	1415971 	1413426 	1410551 	1407798 	1405908 	1402229 	1394290 	1387363 	1378339 	1374071 	1373802 	1369176 
NR,TOTAL,T,HR04	2886876 	2876431 	2865433 	2854342 	2840901 	2823087 	2796379 	2766850 	2727154 	2702175 	2684363 	: 
NR,TOTAL,T,HR05	: 	: 	: 	: 	: 	: 	: 	: 	: 	: 	: 	808785 
NR,TOTAL,T,HR06	: 	: 	: 	: 	: 	: 	: 	: 	: 	: 	: 	812067 
NR,TOTAL,T,HU11	1721556 	1733685 	1727495 b	1735711 	1744665 	1757618 	1759407 	1752704 	1749734 	1752286 	1750216 	1723836 
NR,TOTAL,T,HU12	1229880 	1237561 	1213323 b	1218172 	1220748 	1226115 	1234541 	1247372 	1261864 	1278874 	1297102 	1309802 
NR,TOTAL,T,HU21	1098654 	1094104 	1079589 b	1074702 	1069190 	1063408 	1060703 	1056097 	1055570 	1058236 	1060755 	1059586 
NR,TOTAL,T,HU22	996390 	994698 	984399 b	985279 	984521 	983925 	983933 	983251 	985457 	989343 	994549 	996876 
NR,TOTAL,T,HU23	947986 	940585 	931215 b	925180 	917492 	909130 	900868 	894223 	886840 	879596 	874573 	871105 
NR,TOTAL,T,HU31	1209142 	1194697 	1200831 b	1189441 	1176894 	1164813 	1153714 	1143902 	1134945 	1126360 	1118577 	1112263 
NR,TOTAL,T,HU32	1492502 	1481922 	1498795 b	1491659 	1484375 	1479522 	1474383 	1468088 	1460096 	1450960 	1442660 	1435131 
NR,TOTAL,T,HU33	1318214 	1308470 	1296278 b	1288654 	1279480 	1271040 	1262936 	1251924 	1243865 	1237101 	1231094 	1222173 
NR,TOTAL,T,HUXX	0 	0 	0 	0 	0 	0 	0 	0 	0 	0 	0 	: 
NR,TOTAL,T,IE04	: 	: 	832082 	834236 	833748 	833830 	839204 	848383 	856252 	867947 e	877832 	884580 
NR,TOTAL,T,IE05	: 	: 	1547097 	1556247 	1563179 	1567206 	1575504 	1591718 	1604865 	1624381 e	1641057 	1654261 
NR,TOTAL,T,IE06	: 	: 	2210108 	2219296 	2240925 	2276591 	2311578 	2344282 	2369275 	2411912 e	2445551 	2467483 
NR,TOTAL,T,IS00	317630 	318452 	319575 	321857 	325671 	329100 	332529 	338349 	348450 	356991 	364134 	368792 
NR,TOTAL,T,ITC1	4362041 	4364309 	4357663 	4374052 	4436798 	4424467 	4404246 	4392526 	4375865 	4328565 b	4311217 	4274945 
NR,TOTAL,T,ITC2	126686 	126761 	126620 	127844 	128591 	128298 	127329 	126883 	126202 	125653 b	125034 	124089 
NR,TOTAL,T,ITC3	1576443 	1574132 	1567339 	1565127 	1591939 	1583263 	1571053 	1565307 	1556981 	1532980 b	1524826 	1518495 
NR,TOTAL,T,ITC4	9600951 	9663872 	9700881 	9794525 	9973397 	10002615 	10008349 	10019166 	10036258 	10010833 b	10027602 	9981554 
NR,TOTAL,T,ITF1	1307778 	1307273 	1306416 	1312507 	1333939 	1331574 	1326513 	1322247 	1315196 	1300645 b	1293941 	1281012 
NR,TOTAL,T,ITF2	315536 	314342 	313145 	313341 	314725 	313348 	312027 	310449 	308493 	303790 b	300516 	294294 
NR,TOTAL,T,ITF3	5758375 	5765850 	5764424 	5769750 	5869965 	5861529 	5850850 	5839084 	5826860 	5740291 b	5712143 	5624260 
NR,TOTAL,T,ITF4	4048007 	4053668 	4050072 	4050803 	4090266 	4090105 	4077166 	4063888 	4048242 	3975528 b	3953305 	3933777 
NR,TOTAL,T,ITF5	581140 	579358 	577562 	576194 	578391 	576619 	573694 	570365 	567118 	558587 b	553254 	545130 
NR,TOTAL,T,ITF6	1966336 	1962856 	1958418 	1958238 	1980533 	1976631 	1970521 	1965128 	1956687 	1912021 b	1894110 	1860601 
NR,TOTAL,T,ITG1	4997429 	5005657 	4999854 	4999932 	5094937 	5092080 	5074261 	5056641 	5026989 	4908548 b	4875290 	4833705 
NR,TOTAL,T,ITG2	1641347 	1641681 	1637846 	1640379 	1663859 	1663286 	1658138 	1653135 	1648176 	1622257 b	1611621 	1590044 
NR,TOTAL,T,ITH1	498315 	501815 	504708 	509626 	515714 	518518 	520891 	524256 	527750 	530313 b	532644 	534912 
NR,TOTAL,T,ITH2	518796 	522486 	524877 	530308 	536237 	537416 	538223 	538604 	539898 	543721 b	545425 	542166 
NR,TOTAL,T,ITH3	4841933 	4851958 	4853657 	4881756 	4926818 	4927596 	4915123 	4907529 	4905037 	4884590 b	4879133 	4869830 
NR,TOTAL,T,ITH4	1221569 	1220849 	1217780 	1221860 	1229363 	1227122 	1221218 	1217872 	1215538 	1210414 b	1206216 	1201510 
NR,TOTAL,T,ITH5	4306684 	4331343 	4341240 	4377487 	4446354 	4450508 	4448146 	4448841 	4452629 	4459453 b	4464119 	4438937 
NR,TOTAL,T,ITI1	3657340 	3668948 	3667780 	3692828 	3750511 	3752654 	3744398 	3742437 	3736968 	3701343 b	3692555 	3692865 
NR,TOTAL,T,ITI2	880202 	884010 	883215 	886239 	896742 	894762 	891181 	888908 	884640 	873744 b	870165 	865452 
NR,TOTAL,T,ITI3	1540272 	1541950 	1540688 	1545155 	1553138 	1550796 	1543752 	1538055 	1531753 	1520321 b	1512672 	1498236 
NR,TOTAL,T,ITI4	5442963 	5481572 	5500022 	5557276 	5870451 	5892425 	5888472 	5898124 	5896693 	5773076 b	5755700 	5730399 
NR,TOTAL,T,LI00	35894 	36149 	36475 	36838 	37129 	37366 	37622 	37810 	38114 	38378 	38747 	39055 
NR,TOTAL,T,LT01	824193 	811515 	805915 	806308 	806106 	807523 	805380 	805173 	805367 	810538 	820511 	829983 
NR,TOTAL,T,LT02	2317783 	2241073 	2197726 	2165597 	2137366 	2113739 	2083178 	2042731 	2003534 	1983646 	1973579 	1965697 
NR,TOTAL,T,LU00	502066 	511840 	524853 	537039 	549680 	562958 	576249 	590667 b	602005 	613894 	626108 	634730 
NR,TOTAL,T,LV00	2120504 	2074605 	2044813 	2023825 	2001468 	1986096 	1968957 	1950116 	1934379 	1919968 	1907675 	1893223 
NR,TOTAL,T,ME00	619001 	619850 	620308 	620893 	621521 	622099 	622218 	622387 	622359 	622182 	621873 	620739 
NR,TOTAL,T,MK00	2052722 	2057284 	2059794 p	2062294 	2065410 	2068864 	2070998 	2073483 	2075108 	2076953 	2076087 	2068658 
NR,TOTAL,T,MKXX	: 	: 	: 	: 	359 	308 	280 	219 	193 	179 	168 	: 
NR,TOTAL,T,MT00	414027 	414989 	417546 	422509 	429424 	439691 	450415 	460297 	475701 	493559 	514564 	516100 
NR,TOTAL,T,NL11	576668 	579036 	580875 	581705 	582728 	583942 	583721 	583581 	582944 	583990 	585866 	586937 
NR,TOTAL,T,NL12	646305 	647282 	647214 	646862 	646317 	646257 	646040 	646874 	647268 	647672 	649957 	651435 
NR,TOTAL,T,NL13	490981 	491411 	490807 	489918 	488988 	488576 	488629 	491792 	492100 	492167 	493682 	494771 
NR,TOTAL,T,NL21	1130345 	1134465 	1137668 	1139350 	1139697 	1140652 	1144280 	1147687 	1151501 	1156431 	1162406 	1166533 
NR,TOTAL,T,NL22	1998936 	2004671 	2010745 	2015791 	2019692 	2026578 	2035351 	2047901 	2060103 	2071972 	2085952 	2096603 
NR,TOTAL,T,NL23	387881 	391967 	395525 	398441 	399893 	401791 	404068 	407818 	411670 	416546 	423021 	428226 
NR,TOTAL,T,NL31	1220910 	1228794 	1237117 	1245294 	1253672 	1263572 	1273613 	1284504 	1295484 	1306912 	1319231 	1361153 
NR,TOTAL,T,NL32	2669084 	2691477 	2709822 	2724300 	2741369 	2761929 	2784854 	2809483 	2831182 	2853359 	2879527 	2888486 
NR,TOTAL,T,NL33	3505611 	3528324 	3552407 	3563935 	3577032 	3600011 	3622303 	3650222 	3681044 	3709139 	3744299 	3726050 
NR,TOTAL,T,NL34	381409 	381530 	381407 	381077 	380621 	380726 	381252 	381568 	382304 	383032 	383488 	385400 
NR,TOTAL,T,NL41	2444158 	2454215 	2463686 	2471011 	2479274 	2488751 	2498749 	2512531 	2528286 	2544806 	2562955 	2573949 
NR,TOTAL,T,NL42	1122701 	1122627 	1123075 	1121891 	1120006 	1117941 	1116260 	1117546 	1117198 	1116137 	1117201 	1115872 
NR,TOTAL,T,NO01	1123359 	1144883 	1169539 	1190365 	1209992 	1232854 	1251687 	1271127 	1287495 	1305122 	1326682 	: 
NR,TOTAL,T,NO02	375925 	377709 	379938 	380973 	382230 	383985 	384221 	385669 	386836 	386951 	387285 	370603 
NR,TOTAL,T,NO03	928852 	938827 	949963 	960653 	969415 	976682 	984764 	992962 	999639 	1005070 	1011472 	: 
NR,TOTAL,T,NO04	706823 	718543 	728934 	741284 	751632 	762031 	768179 	772813 	777279 	780898 	787123 	: 
NR,TOTAL,T,NO05	835517 	845886 	855399 	866239 	875475 	884316 	890719 	896503 	899627 	901689 	905335 	: 
NR,TOTAL,T,NO06	422102 	426206 	431340 	437198 	441193 	445838 	449457 	454596 	458742 	462032 	465136 	471124 
NR,TOTAL,T,NO07	465621 	468251 	470757 	474563 	478033 	480787 	481694 	484647 	486001 	486450 	484547 	482513 
NR,TOTAL,T,NO08	: 	: 	: 	: 	: 	: 	: 	: 	: 	: 	: 	1949394 
NR,TOTAL,T,NO09	: 	: 	: 	: 	: 	: 	: 	: 	: 	: 	: 	730725 
NR,TOTAL,T,NO0A	: 	: 	: 	: 	: 	: 	: 	: 	: 	: 	: 	1387010 
NR,TOTAL,T,PL21	3280603 b	3293551 	3303061 	3310450 	3316097 	3324579 	3330031 	3339803 	3349498 	3360545 	3371956 	3372763 
NR,TOTAL,T,PL22	4590630 b	4585758 	4576485 	4566039 	4548177 	4535705 	4520567 	4510528 	4500863 	4488998 	4475460 	4450220 
NR,TOTAL,T,PL41	3410721 b	3422705 	3430702 	3437751 	3441440 	3447689 	3450966 	3457473 	3465605 	3473172 	3479525 	3477550 
NR,TOTAL,T,PL42	1696985 b	1697166 	1695822 	1694560 	1691400 	1688486 	1684025 	1681246 	1678873 	1675502 	1671605 	1664056 
NR,TOTAL,T,PL43	1009605 b	1010700 	1010421 	1010582 	1008564 	1007442 	1005159 	1004892 	1004127 	1003310 	1001411 	996912 
NR,TOTAL,T,PL51	2876509 b	2878103 	2876855 	2875180 	2869579 	2868338 	2864624 	2866218 	2865358 	2865072 	2864809 	2857364 
NR,TOTAL,T,PL52	975283 b	972986 	969541 	966167 	960226 	956913 	952557 	950710 	948808 	946038 	942233 	936000 
NR,TOTAL,T,PL61	2074489 b	2075129 	2074398 	2072655 	2068417 	2065846 	2062006 	2060575 	2059748 	2055433 	2050976 	2041485 
NR,TOTAL,T,PL62	1428496 b	1428620 	1427162 	1425897 	1421264 	1418541 	1414734 	1410641 	1408415 	1404441 	1399038 	1392092 
NR,TOTAL,T,PL63	2234955 b	2245568 	2253048 	2259485 	2264817 	2271559 	2277059 	2285800 	2294926 	2305077 	2316135 	2318867 
NR,TOTAL,T,PL71	: 	: 	: 	: 	2498861 	2489844 	2479350 	2471620 	2462448 	2453167 	2442685 	2425669 
NR,TOTAL,T,PL72	: 	: 	: 	: 	1253041 	1247951 	1241895 	1237518 	1232016 	1226243 	1218743 	1209147 
NR,TOTAL,T,PL81	: 	: 	: 	: 	2134413 	2126310 	2118528 	2112787 	2105442 	2097294 	2088292 	2074508 
NR,TOTAL,T,PL82	: 	: 	: 	: 	2083546 	2084264 	2083496 	2084722 	2085877 	2086135 	2084447 	2078146 
NR,TOTAL,T,PL84	: 	: 	: 	: 	1165447 	1162369 	1158945 	1156947 	1154856 	1152074 	1149389 	1144005 
NR,TOTAL,T,PL91	: 	: 	: 	: 	2937140 	2960058 	2979942 	3002278 	3025034 	3053104 	3082399 	3095025 
NR,TOTAL,T,PL92	: 	: 	: 	: 	2355427 	2349720 	2343325 	2339206 	2334793 	2327207 	2319035 	2306192 
NR,TOTAL,T,PT11	3705980 	3693585 b	3687224 	3666234 	3644195 	3621785 e	3603778 e	3584575 	3576205 	3572583 	3575338 	3566374 
NR,TOTAL,T,PT15	445824 	451304 b	446140 	444390 	442358 	441468 e	441929 e	441469 	439617 	438864 	438406 	437970 
NR,TOTAL,T,PT16	2337787 	2331642 b	2316169 	2298938 	2281164 	2263992 e	2256364 e	2243934 	2231346 	2216569 	2217285 	2229331 
NR,TOTAL,T,PT17	2808205 	2822761 b	2827050 	2818388 	2807525 	2809168 e	2812678 e	2821349 	2833679 	2846332 	2863272 	2869033 
NR,TOTAL,T,PT18	762068 	758707 b	754385 	748699 	743306 	733370 e	724391 e	718087 	711950 	705478 	704558 	699420 
NR,TOTAL,T,PT20	246900 	246757 b	247194 	247549 	247440 	246353 e	245766 e	245283 	243862 	242846 	242796 	242201 
NR,TOTAL,T,PT30	266715 	267965 b	264236 	263091 	261313 	258686 e	256424 e	254876 	254368 	253945 	254254 	253923 
NR,TOTAL,T,RO11	2719719 	2717532 	2598877 b	2594823 	2590220 	2585543 	2576567 	2568282 	2560504 	2552112 	2547429 e	2537017 e
NR,TOTAL,T,RO12	2524418 	2522692 	2360578 b	2359405 	2355312 	2350147 	2341964 	2332785 	2325371 	2318272 	2314826 e	2302833 e
NR,TOTAL,T,RO21	3712396 	3703283 	3294204 b	3278798 	3273367 	3269598 	3256734 	3239540 	3222732 	3198564 	3184215 e	3163465 e
NR,TOTAL,T,RO22	2811218 	2802532 	2538949 b	2523354 	2509094 	2492352 	2469868 	2447270 	2423059 	2396171 	2377101 e	2351636 e
NR,TOTAL,T,RO31	3267270 	3253712 	3128799 b	3108150 	3085095 	3061286 	3031555 	3003394 	2965415 	2929832 	2901376 e	2868994 e
NR,TOTAL,T,RO32	2261698 	2267419 	2279145 b	2282244 	2282968 	2284200 	2288203 	2287208 	2302291 	2315173 	2322002 e	2327057 e
NR,TOTAL,T,RO41	2246033 	2232814 	2067357 b	2048702 	2033360 	2015766 	1993482 	1972979 	1949813 	1926860 	1910409 e	1892078 e
NR,TOTAL,T,RO42	1919434 	1913831 	1828087 b	1824598 	1817895 	1811755 	1802212 	1792491 	1784296 	1777474 	1771480 e	1758582 e
NR,TOTAL,T,RS11	: 	: 	: 	: 	: 	: 	: 	1685797 	1688466 	1691919 	1696192 	1692768 
NR,TOTAL,T,RS12	: 	: 	: 	: 	: 	: 	: 	1876215 	1866815 	1856911 	1847274 	1834430 
NR,TOTAL,T,RS21	: 	: 	: 	: 	: 	: 	: 	1949486 	1932780 	1916855 	1900429 	1880467 
NR,TOTAL,T,RS22	: 	: 	: 	: 	: 	: 	: 	1528774 	1513383 	1498079 	1482810 	1463882 
NR,TOTAL,T,SE11	2019182 	2054343 	2091473 	2127006 	2163042 	2198044 	2231439 	2269060 	2308143 	2344124 	2377081 	2391990 
NR,TOTAL,T,SE12	1558292 	1569248 	1578097 	1589821 	1605347 	1621566 	1638825 	1664145 	1687810 	1708813 	1727398 	1737737 
NR,TOTAL,T,SE21	810066 	811611 	812948 	815792 	819426 	826243 	834276 	847667 	856887 	864630 	870200 	873407 
NR,TOTAL,T,SE22	1383653 	1396556 	1405912 	1415403 	1426826 	1443065 	1459880 	1483018 	1504060 	1521848 	1537433 	1548392 
NR,TOTAL,T,SE23	1866283 	1879781 	1892328 	1904563 	1921924 	1942677 	1963466 	1992116 	2015607 	2039166 	2059729 	2071191 
NR,TOTAL,T,SE31	825931 	826820 	825431 	826272 	829134 	833585 	838747 	848451 	852201 	855220 	857762 	858063 
NR,TOTAL,T,SE32	369708 	369316 	368454 	368182 	368617 	369826 	371273 	374245 	375774 	375733 	376157 	375709 
NR,TOTAL,T,SE33	507567 	507895 	508212 	508854 	510548 	512349 	513111 	516451 	519760 	520651 	521829 	522806 
NR,TOTAL,T,SI03	1099674 	1098506 	1099196 	1097198 	1094709 	1093545 	1092193 	1091159 	1089717 	1094435 	1100012 	1105046 
NR,TOTAL,T,SI04	947302 	951683 	956300 	961623 	966376 	969329 	971995 	974736 	977163 	986473 	995849 	1003931 
NR,TOTAL,T,SK01	597999 	599931 	606537 	612682 	618380 	625167 	633288 	641892 	650838 	659598 	669592 	677024 
NR,TOTAL,T,SK02	1842763 	1838786 	1839259 	1838136 	1836664 	1834832 	1832159 	1830751 	1828428 	1826145 	1823792 	1819399 
NR,TOTAL,T,SK03	1350286 	1349286 	1349729 	1348611 	1347233 	1345808 	1343458 	1342287 	1340811 	1339242 	1336785 	1334238 
NR,TOTAL,T,SK04	1599362 	1604443 	1608797 	1611407 	1613672 	1615542 	1617347 	1620413 	1623043 	1625436 	1627704 	1629120 
NR,TOTAL,T,TR10	12915158 	13255685 	13624240 	13854740 	14160467 	14377018 	14657434 	14804116 	15029231 	15067724 	15519267 	15462452 
NR,TOTAL,T,TR21	1511952 	1521328 	1569388 	1593247 	1613616 	1650735 	1687420 	1726260 	1768368 	1802315 	1831151 	1850565 
NR,TOTAL,T,TR22	1617820 	1642720 	1640759 	1654422 	1665089 	1700847 	1700029 	1715969 	1735241 	1767237 	1770777 	1781833 
NR,TOTAL,T,TR31	3868308 	3948848 	3965232 	4005459 	4061074 	4113072 	4168415 	4223545 	4279677 	4320519 	4367251 	4394694 
NR,TOTAL,T,TR32	2707898 	2739188 	2779765 	2808243 	2851086 	2915188 	2955825 	2997720 	3038325 	3093015 	3131322 	3160772 
NR,TOTAL,T,TR33	2940947 	3005558 	2942695 	2965800 	2985153 	2995289 	3013892 	3043846 	3065961 	3100666 	3119860 	3133649 
NR,TOTAL,T,TR41	3508133 	3595460 	3637222 	3682037 	3749582 	3809784 	3881624 	3964535 	4019116 	4089156 	4163022 	4209378 
NR,TOTAL,T,TR42	3193210 	3246147 	3315463 	3376330 	3448702 	3522353 	3617728 	3719652 	3805481 	3878979 	3961953 	4026438 
NR,TOTAL,T,TR51	4650802 	4771716 	4890893 	4965542 	5045083 	5150072 	5270575 	5346518 	5445026 	5503985 	5639076 	5663322 
NR,TOTAL,T,TR52	2224547 	2246478 	2272560 	2287705 	2317164 	2349170 	2372740 	2406913 	2426821 	2457522 	2485653 	2504939 
NR,TOTAL,T,TR61	2592075 	2685499 	2705254 	2763541 	2833306 	2898240 	2968561 	3017280 	3063005 	3137694 	3227410 	3255704 
NR,TOTAL,T,TR62	3703114 	3733124 	3776744 	3808483 	3855034 	3892850 	3928388 	3975522 	4010406 	4034593 	4078365 	4127475 
NR,TOTAL,T,TR63	2957713 	3004608 	3013790 	3038983 	3077753 	3115681 	3142990 	3189974 	3230573 	3289122 	3321755 	3376039 
NR,TOTAL,T,TR71	1504789 	1496296 	1495630 	1501311 	1510080 	1508199 	1515228 	1546995 	1560774 	1603688 	1608193 	1611789 
NR,TOTAL,T,TR72	2326584 	2352971 	2348101 	2351714 	2363390 	2378052 	2379113 	2401245 	2416673 	2461269 	2467565 	2476439 
NR,TOTAL,T,TR81	1026825 	1035071 	1019425 	1020108 	1020957 	1019534 	1023593 	1032260 	1034922 	1046711 	1042760 	1033797 
NR,TOTAL,T,TR82	745976 	743029 	739997 	745525 	763570 	756983 	757711 	766303 	765874 	819468 	793437 	785265 
NR,TOTAL,T,TR83	2739487 	2740686 	2717685 	2717970 	2714575 	2717042 	2721221 	2752803 	2773386 	2822353 	2829953 	2819560 
NR,TOTAL,T,TR90	2526619 	2516167 	2513021 	2545274 	2553647 	2566840 	2572850 	2645584 	2633417 	2719113 	2690180 	2677584 
NR,TOTAL,T,TRA1	1062205 	1068446 	1072848 	1071878 	1062345 	1067560 	1063789 	1078207 	1072404 	1086156 	1081652 	1074620 
NR,TOTAL,T,TRA2	1135856 	1133660 	1157546 	1154277 	1145257 	1138766 	1131570 	1123161 	1115810 	1124898 	1118370 	1117833 
NR,TOTAL,T,TRB1	1626357 	1625158 	1663811 	1673852 	1681719 	1690843 	1700468 	1711847 	1726199 	1762077 	1755735 	1759327 
NR,TOTAL,T,TRB2	2012044 	2022373 	2046027 	2082470 	2092863 	2111068 	2124349 	2115729 	2128670 	2167642 	2174672 	2191967 
NR,TOTAL,T,TRC1	2364249 	2414833 	2471979 	2519139 	2570208 	2616082 	2665265 	2715553 	2756910 	2795617 	2838319 	2876408 
NR,TOTAL,T,TRC2	3128748 	3192329 	3287197 	3354242 	3409417 	3480715 	3546516 	3613746 	3685654 	3768205 	3829967 	3898687 
NR,TOTAL,T,TRC3	1969896 	1985610 	2056997 	2085092 	2116727 	2153921 	2173759 	2179588 	2222601 	2284158 	2307332 	2343826 
NR,TOTAL,T,UKC1	1168781 	1173646 	1177121 	1179963 	1183175 	1186123 	1190177 	1194437 	1197992 	1201543 	: 	: 
NR,TOTAL,T,UKC2	1412315 	1417980 	1422315 	1426640 	1431607 	1435643 	1440477 	1446249 	1450223 	1455437 	: 	: 
NR,TOTAL,T,UKD1	500458 	499952 	499524 	498860 	498463 	498545 	498745 	498641 	498216 	498083 	: 	: 
NR,TOTAL,T,UKD3	2651011 	2673791 	2693358 	2707445 	2721819 	2741974 	2767348 	2789735 	2808080 	2822003 	: 	: 
NR,TOTAL,T,UKD4	1455120 	1459318 	1463274 	1466592 	1469371 	1473818 	1480296 	1487102 	1490434 	1495318 	: 	: 
NR,TOTAL,T,UKD6	898513 	901375 	904677 	907796 	911368 	915471 	919711 	924261 	927799 	931347 	: 	: 
NR,TOTAL,T,UKD7	1498042 	1503567 	1509368 	1513266 	1517171 	1524173 	1533376 	1541473 	1547607 	1553324 	: 	: 
NR,TOTAL,T,UKE1	914144 	916612 	919564 	921510 	922928 	924558 	926818 	929189 	931065 	932645 	: 	: 
NR,TOTAL,T,UKE2	791442 	796538 	801039 	804925 	807558 	810048 	814066 	818141 	820874 	824054 	: 	: 
NR,TOTAL,T,UKE3	1328405 	1338373 	1348096 	1355465 	1362340 	1370817 	1380458 	1389426 	1397266 	1404971 	: 	: 
NR,TOTAL,T,UKE4	2205139 	2220015 	2233863 	2245499 	2256217 	2269744 	2286357 	2301000 	2313390 	2324560 	: 	: 
NR,TOTAL,T,UKF1	2090780 	2104311 	2116662 	2129007 	2141903 	2155431 	2170611 	2187643 	2199851 	2210381 	: 	: 
NR,TOTAL,T,UKF2	1689857 	1704627 	1719017 	1732295 	1747794 	1767307 	1789613 	1812852 	1828762 	1843764 	: 	: 
NR,TOTAL,T,UKF3	708733 	713322 	716973 	721847 	728205 	734643 	741087 	747996 	752671 	756920 	: 	: 
NR,TOTAL,T,UKG1	1288952 	1293901 	1299764 	1305682 	1312357 	1319504 	1327386 	1338055 	1344393 	1352539 	: 	: 
NR,TOTAL,T,UKG2	1558437 	1567473 	1575136 	1581454 	1588088 	1594600 	1603003 	1613788 	1619877 	1626956 	: 	: 
NR,TOTAL,T,UKG3	2699492 	2725810 	2750805 	2771841 	2793881 	2820216 	2852553 	2883905 	2908821 	2928377 	: 	: 
NR,TOTAL,T,UKH1	2361712 	2385006 	2403234 	2416785 	2434456 	2456564 	2475882 	2493326 	2509078 	2521676 	: 	: 
NR,TOTAL,T,UKH2	1706697 	1726575 	1745325 	1763546 	1784776 	1806939 	1827766 	1841673 	1859787 	1871847 	: 	: 
NR,TOTAL,T,UKH3	1711120 	1723421 	1735578 	1748546 	1765271 	1782982 	1798750 	1813609 	1828948 	1841887 	: 	: 
NR,TOTAL,T,UKI3	1081014 	1089392 	1099576 	1108567 	1120811 	1138443 	1153642 	1163136 	1173602 	1190513 	: 	: 
NR,TOTAL,T,UKI4	2076113 	2121080 	2165178 	2205293 	2248524 	2294960 	2337518 	2367065 	2402934 	2430890 	: 	: 
NR,TOTAL,T,UKI5	1720016 	1752126 	1778692 	1800748 	1826033 	1853173 	1880090 	1899556 	1924106 	1940638 	: 	: 
NR,TOTAL,T,UKI6	1208538 	1220637 	1234689 	1249370 	1263221 	1276233 	1288011 	1295666 	1308866 	1316772 	: 	: 
NR,TOTAL,T,UKI7	1916940 	1950290 	1978433 	1999117 	2019780 	2040301 	2058984 	2071842 	2090315 	2103443 	: 	: 
NR,TOTAL,T,UKJ1	2242650 	2264895 	2284847 	2304318 	2325301 	2347205 	2368548 	2385514 	2402507 	2417428 	: 	: 
NR,TOTAL,T,UKJ2	2709001 	2733391 	2755648 	2778314 	2802800 	2827820 	2852269 	2871387 	2892767 	2909838 	: 	: 
NR,TOTAL,T,UKJ3	1877812 	1894162 	1908507 	1920223 	1932133 	1946199 	1961230 	1973952 	1985074 	1993050 	: 	: 
NR,TOTAL,T,UKJ4	1705146 	1723082 	1739802 	1756070 	1773140 	1790347 	1807834 	1824794 	1840563 	1854717 	: 	: 
NR,TOTAL,T,UKK1	2324183 	2342716 	2362209 	2382428 	2404752 	2429519 	2453872 	2474784 	2496022 	2516568 	: 	: 
NR,TOTAL,T,UKK2	1261896 	1271821 	1280933 	1288448 	1295993 	1304470 	1313859 	1322286 	1329868 	1336003 	: 	: 
NR,TOTAL,T,UKK3	530325 	534024 	538254 	542252 	546137 	550437 	555014 	560526 	564588 	568612 	: 	: 
NR,TOTAL,T,UKK4	1127629 	1132530 	1138922 	1145447 	1153568 	1162981 	1171558 	1180517 	1187825 	1195198 	: 	: 
NR,TOTAL,T,UKL1	1924712 	1930295 	1936308 	1940620 	1944635 	1948946 	1954376 	1960764 	1963646 	1968383 	: 	: 
NR,TOTAL,T,UKL2	1119494 	1126355 	1132607 	1137738 	1142724 	1146757 	1151846 	1158491 	1162876 	1168000 	: 	: 
NR,TOTAL,T,UKM5	468596 	473634 	478294 	482660 	487150 	490875 	492173 	491323 	494624 	495365 	: 	: 
NR,TOTAL,T,UKM6	463388 	465794 	466605 	466737 	467326 	467889 	468903 	469420 	470743 	470990 	: 	: 
NR,TOTAL,T,UKM7	: 	: 	1915517 	1924614 	1933992 	1946564 	1961928 	1976392 	1988307 	1998699 	: 	: 
NR,TOTAL,T,UKM8	: 	: 	1499887 	1500987 	1504303 	1510438 	1520628 	1531216 	1536415 	1541998 	: 	: 
NR,TOTAL,T,UKM9	: 	: 	946492 	945666 	944842 	944507 	945233 	946372 	946837 	947186 	: 	: 
NR,TOTAL,T,UKN0	1799019 	1809539 	1818995 	1826761 	1835290 	1846229 	1857048 	1866638 	1875957 	: 	: 	: 
